date,cases,vaccination_rate,public_health_index
2020-01-01,524,7.05466189873135,1.0
2020-01-02,494,-0.3929406614213087,1.0
2020-01-03,534,0.2942481147242383,1.0
2020-01-04,579,3.8410721162827857,0.8911722881564119
2020-01-05,492,1.5660806563175083,1.0
2020-01-06,493,5.265683169566225,1.0
2020-01-07,585,2.035620826009121,1.0
2020-01-08,546,-2.362186873202189,1.0
2020-01-09,485,2.607517626030508,1.0
2020-01-10,537,-4.818631036603309,1.0
2020-01-11,487,1.5427985288826158,1.0
2020-01-12,488,0.9338500467776961,0.9718029293421717
2020-01-13,525,0.15941571363730156,1.0
2020-01-14,418,0.6573124428053463,1.0
2020-01-15,429,-8.009245227488195,1.0
2020-01-16,488,-1.2436245387048075,1.0
2020-01-17,467,2.0642245057055737,1.0
2020-01-18,534,2.4992819599870018,1.0
2020-01-19,474,-3.338375704629791,0.9792877511604207
2020-01-20,450,8.228539204323503,1.0
2020-01-21,595,-2.330874241072504,1.0
2020-01-22,511,6.947286002633684,1.0
2020-01-23,527,4.3359718093584245,1.0
2020-01-24,454,-0.9311365492190156,1.0
2020-01-25,499,11.27655446304756,1.0
2020-01-26,532,-3.4681841587824005,1.0
2020-01-27,470,7.195770868050008,0.974827305129448
2020-01-28,548,7.7029115902148915,1.0
2020-01-29,500,-0.5531010453832246,1.0
2020-01-30,517,9.862326500321643,1.0
2020-01-31,502,1.7497674270052361,1.0
2020-02-01,626,4.543468146399285,0.9963343177915489
2020-02-02,534,4.501609193856104,1.0
2020-02-03,482,2.628456292647261,1.0
2020-02-04,578,7.454041365798911,1.0
2020-02-05,476,7.467443602761065,1.0
2020-02-06,549,-5.142659866190904,1.0
2020-02-07,441,10.221701214390762,1.0
2020-02-08,474,-4.512459940178371,1.0
2020-02-09,551,9.062731021708286,1.0
2020-02-10,579,9.633525684137917,1.0
2020-02-11,552,-1.3548321510759918,1.0
2020-02-12,539,2.1459285602270763,1.0
2020-02-13,530,-1.2285233424296793,1.0
2020-02-14,473,3.3253948485563236,1.0
2020-02-15,511,2.959828579071294,1.0
2020-02-16,525,8.498302661346699,1.0
2020-02-17,602,11.25154373059804,1.0
2020-02-18,568,11.77841905394978,0.9657199066999037
2020-02-19,463,2.08915986710849,0.9720101842969937
2020-02-20,568,3.9538906312773614,1.0
2020-02-21,534,-3.3171909611047514,1.0
2020-02-22,520,1.170649667519056,0.9981653243465728
2020-02-23,586,10.124258165487287,1.0
2020-02-24,608,13.47791411774116,1.0
2020-02-25,603,-0.67174435939961,1.0
2020-02-26,516,2.6376787042355283,0.8999772922408185
2020-02-27,543,5.567971215205365,0.9101778687530852
2020-02-28,576,7.200805794098034,1.0
2020-02-29,609,1.85198240039177,0.8248329198212045
2020-03-01,537,8.120305222320448,1.0
2020-03-02,553,3.7308032646454192,1.0
2020-03-03,508,6.127738645608605,1.0
2020-03-04,504,9.031421240018497,1.0
2020-03-05,605,6.432111349054689,1.0
2020-03-06,633,4.318070547367157,1.0
2020-03-07,563,6.051950980370846,1.0
2020-03-08,617,6.258185203973324,1.0
2020-03-09,586,4.949944850589361,0.8571209608455403
2020-03-10,537,5.606019686664489,0.8403265365943148
2020-03-11,588,14.993235852523584,0.9547932337345859
2020-03-12,647,9.904597239706193,1.0
2020-03-13,569,5.722598409854198,1.0
2020-03-14,650,10.784772022553678,1.0
2020-03-15,442,5.73090255121995,0.8890974096099
2020-03-16,615,13.365623187933206,0.7754593338698826
2020-03-17,579,9.448210960990469,1.0
2020-03-18,560,7.163489279978855,0.9202595186117232
2020-03-19,580,10.038584629051389,0.7992308252669629
2020-03-20,477,0.04561923965750392,1.0
2020-03-21,566,2.3661626554509736,1.0
2020-03-22,596,2.1303749680047224,0.9828759045964552
2020-03-23,652,8.914715473818532,0.9473003165163449
2020-03-24,553,16.96257499742546,0.9751552350917635
2020-03-25,539,19.55650073096316,0.9520430485359346
2020-03-26,555,11.690255507203785,0.8523108393764308
2020-03-27,627,11.104222374722283,0.9136668622738204
2020-03-28,598,-0.30528867076369615,1.0
2020-03-29,556,6.086631001329891,1.0
2020-03-30,609,4.961081240458806,0.9960378804358037
2020-03-31,589,5.89576200874442,0.8777649423453533
2020-04-01,633,8.259280907076052,0.95718645278955
2020-04-02,550,6.839547111514363,0.7556971077948165
2020-04-03,569,-0.5964990518789381,0.9893287604640368
2020-04-04,566,13.13955128058767,1.0
2020-04-05,513,4.136284871300967,0.820257830109439
2020-04-06,602,10.796234320555747,0.9071922675531346
2020-04-07,601,20.070413348749867,0.9968233898570362
2020-04-08,588,5.203077042067884,1.0
2020-04-09,577,-2.751437613731648,0.9153896509909935
2020-04-10,518,8.569978890599446,0.8891602834186961
2020-04-11,569,15.604798174992855,0.7596828511465616
2020-04-12,573,19.99173727110297,0.9651261967167195
2020-04-13,550,4.152252027737917,1.0
2020-04-14,583,12.88349611618261,0.9789876359630317
2020-04-15,612,8.173447716099734,0.9472874916216429
2020-04-16,686,10.070258228479322,0.9800074135612279
2020-04-17,601,23.921716735085173,0.9449946546651887
2020-04-18,606,3.2851483580242347,0.8631286481489258
2020-04-19,589,12.168698307472868,1.0
2020-04-20,498,13.338465858827167,0.9637260405856409
2020-04-21,593,16.528931624696735,0.9413060980875727
2020-04-22,597,11.689915767354476,0.8404272360709071
2020-04-23,718,12.840252697520512,1.0
2020-04-24,585,9.441757162891045,1.0
2020-04-25,610,12.845634706225537,0.8780803141352874
2020-04-26,594,9.884038622512946,1.0
2020-04-27,537,14.807859449280254,0.880686583515189
2020-04-28,653,9.951948319781831,0.8508203951126843
2020-04-29,634,13.785501969510932,0.8516559003817145
2020-04-30,636,11.853685931575109,0.7491537731370663
2020-05-01,551,17.730251253860843,0.9720787775692715
2020-05-02,667,11.943031382057567,0.7405039919583876
2020-05-03,527,3.434837658965593,0.7994985885200944
2020-05-04,627,18.70960750356996,0.7135397243691934
2020-05-05,707,7.971338495686905,0.9112786691662172
2020-05-06,549,9.3311683067559,0.9036727502628238
2020-05-07,570,9.721693529782538,0.8848868498136414
2020-05-08,603,19.672190465854086,0.8121833528198016
2020-05-09,573,2.2216289301065224,0.7981358205347584
2020-05-10,521,28.68874266829997,0.9607481110177627
2020-05-11,602,18.380284045330257,0.858242134684571
2020-05-12,546,14.316194570645798,0.9439540431141863
2020-05-13,623,13.02552999691857,0.8228492969998425
2020-05-14,553,14.827770374288285,0.928571843693159
2020-05-15,677,16.105612141896692,1.0
2020-05-16,560,16.826077929750284,0.9673727439000825
2020-05-17,583,16.478022330017243,0.8667146564195539
2020-05-18,640,14.247903406276246,0.9329126260146595
2020-05-19,538,12.91330789846337,0.8824000239349048
2020-05-20,611,13.24363358173244,0.906565784402607
2020-05-21,665,13.125458598236595,0.8725655729008389
2020-05-22,519,19.868850484335322,0.8880800177734982
2020-05-23,609,17.26778361140431,0.9251479272273223
2020-05-24,612,-0.3019431733214013,0.8040661988020074
2020-05-25,639,17.779503882648804,0.801316300786043
2020-05-26,538,15.573680973593873,0.7635908798587706
2020-05-27,533,14.606456217770512,0.7419979971935606
2020-05-28,625,12.857407734555572,0.7799159994745514
2020-05-29,614,20.520563599930068,0.9172490214108091
2020-05-30,612,19.737632310614288,0.811721998790767
2020-05-31,616,11.235611660881954,0.9520997747525158
2020-06-01,565,17.235261435622675,0.9039869845393103
2020-06-02,610,10.44171632729357,0.70348226208459
2020-06-03,613,8.501909176055348,0.9656871812126544
2020-06-04,563,12.366413877050174,0.981166349531843
2020-06-05,691,19.911967361913796,0.8006370437452218
2020-06-06,622,20.465625226880434,0.9420192811167453
2020-06-07,538,18.365427100486464,0.8143671173008202
2020-06-08,630,19.525478934239985,0.9098407848215615
2020-06-09,549,18.58089143557479,0.7737206817250281
2020-06-10,636,12.89259202388524,0.7209965829008536
2020-06-11,655,18.359612723369704,0.8622020907063201
2020-06-12,556,20.30204762613841,0.8883273017027071
2020-06-13,645,20.17145664906787,0.8611883322287922
2020-06-14,617,22.444566857373214,0.7828489671868575
2020-06-15,637,20.14151923600532,0.8615973360890348
2020-06-16,690,18.457241037707913,0.9288913006441836
2020-06-17,583,22.15075119158214,0.8978863194205053
2020-06-18,557,16.7673937037547,0.9210785709887152
2020-06-19,550,12.59062674386141,0.8363086606966306
2020-06-20,553,16.28466518028118,1.0
2020-06-21,590,13.475486775967754,0.7868020724827552
2020-06-22,610,13.924108625128092,0.9537825087543222
2020-06-23,607,16.67740664642241,1.0
2020-06-24,634,13.537900395000193,0.9544451405458099
2020-06-25,593,16.0601923518048,0.8868221567591047
2020-06-26,664,8.231926665231072,0.8550022919231818
2020-06-27,578,18.866468536864694,1.0
2020-06-28,727,17.90602737681112,0.7671596185258698
2020-06-29,622,13.914556844659046,0.813311732328621
2020-06-30,547,21.396228342162026,0.8714712982729528
2020-07-01,536,22.88785068813279,1.0
2020-07-02,613,10.26220067815513,0.9511158199393731
2020-07-03,577,14.586376107168928,0.8173427807747653
2020-07-04,624,14.654288251063509,0.8841592262904688
2020-07-05,611,13.900484494455679,0.8548342454929825
2020-07-06,583,22.847374209658742,0.8463977160125192
2020-07-07,544,17.830869306135984,1.0
2020-07-08,510,17.577425793446945,0.7825211005066763
2020-07-09,563,8.980688177966233,1.0
2020-07-10,627,22.27709015104613,1.0
2020-07-11,595,13.003708025732637,1.0
2020-07-12,521,19.59966315133164,0.8784205541407446
2020-07-13,592,20.786884689790956,0.9110517752161632
2020-07-14,602,26.303292979193255,0.7840915881275147
2020-07-15,537,13.05589800440444,0.8763304876534888
2020-07-16,589,4.602439220895873,0.9795806522639587
2020-07-17,583,20.719247723768476,1.0
2020-07-18,523,28.902555907554266,0.8224195245844197
2020-07-19,597,26.19473176469719,0.8980850442151123
2020-07-20,606,21.14829707637313,0.9210322924126818
2020-07-21,632,17.741819071839764,0.7981354050020473
2020-07-22,630,24.33561298318655,0.9984262736219445
2020-07-23,507,15.532269001477655,0.868493623147436
2020-07-24,529,22.881788846781095,0.9229785702289707
2020-07-25,601,23.127350795833134,0.8989706093719013
2020-07-26,600,26.0010495374944,0.8669019702444627
2020-07-27,599,34.59830019455539,0.94682326147121
2020-07-28,765,22.862079835893834,0.92767972956167
2020-07-29,600,18.455181871462507,0.9137881296380634
2020-07-30,628,20.97212843904003,0.8798805959245347
2020-07-31,618,12.354620475554409,0.9864509740639651
2020-08-01,602,17.82643434455471,1.0
2020-08-02,553,19.35358780943448,0.9720846120716772
2020-08-03,606,18.879558010327038,1.0
2020-08-04,528,22.36177436016861,0.8227381157133856
2020-08-05,554,17.587900338088996,0.9793919729616911
2020-08-06,541,27.40515333662236,0.855749071122061
2020-08-07,569,21.901035324590985,0.8196772894314415
2020-08-08,679,21.953498394306926,0.8953295722562544
2020-08-09,469,20.46052641743541,1.0
2020-08-10,596,22.975953419294896,1.0
2020-08-11,480,26.425491323338175,0.9993286758226669
2020-08-12,537,18.064348921445497,0.823699649942801
2020-08-13,614,19.209417554623716,0.9592923549181284
2020-08-14,562,21.081369856116677,1.0
2020-08-15,504,15.970645382633926,1.0
2020-08-16,521,18.703710701392513,0.8004406558020898
2020-08-17,590,20.518895632276703,0.8977679559624958
2020-08-18,518,27.37194590356364,0.9823769708916228
2020-08-19,565,24.412806645009628,1.0
2020-08-20,555,24.167949556837723,0.7731546403646798
2020-08-21,519,27.55448981083986,0.9785511005358916
2020-08-22,658,22.713141058003014,1.0
2020-08-23,582,25.452324249644448,1.0
2020-08-24,448,23.08389123533752,1.0
2020-08-25,557,25.026811746998142,1.0
2020-08-26,514,20.88620671194209,0.9247652527435853
2020-08-27,589,11.705914208617854,0.8159557383118967
2020-08-28,506,23.32860418906848,0.9694446226378046
2020-08-29,538,31.213740680499704,1.0
2020-08-30,568,28.83107701120796,1.0
2020-08-31,586,29.126987422955853,1.0
2020-09-01,481,30.58065360903109,1.0
2020-09-02,523,24.943287954807186,1.0
2020-09-03,515,25.58657853702798,0.9650004063773177
2020-09-04,506,21.61174052282825,1.0
2020-09-05,625,23.21963571986475,1.0
2020-09-06,556,27.978855748855707,0.9321870242172181
2020-09-07,472,31.019422185844082,1.0
2020-09-08,580,24.402768621595005,0.9980754507378266
2020-09-09,639,22.94905367574294,1.0
2020-09-10,584,25.30263979428299,0.8933837678610251
2020-09-11,455,28.406033744645573,1.0
2020-09-12,506,18.28072591933229,0.9641207606765358
2020-09-13,592,14.11909523431381,0.8981150017011734
2020-09-14,492,22.94731575254208,1.0
2020-09-15,549,19.696437870429207,1.0
2020-09-16,564,23.359299011763444,0.9605813617297603
2020-09-17,478,25.26109840591264,0.8969500710841976
2020-09-18,520,23.833757954884934,1.0
2020-09-19,360,33.462337672353726,1.0
2020-09-20,470,27.9337238230116,1.0
2020-09-21,508,27.90237179805414,1.0
2020-09-22,457,29.61103572021701,1.0
2020-09-23,600,20.905834411096155,1.0
2020-09-24,445,31.89555893710134,1.0
2020-09-25,494,26.421178567322702,1.0
2020-09-26,521,30.252403086206062,0.900754432307677
2020-09-27,586,21.64071383479922,1.0
2020-09-28,441,19.33120616991968,1.0
2020-09-29,570,31.289448290125144,1.0
2020-09-30,511,29.182047630487585,1.0
2020-10-01,460,22.889742228212448,0.95150490576184
2020-10-02,531,23.151684593626527,1.0
2020-10-03,517,33.227173922073845,1.0
2020-10-04,476,21.75294053566336,1.0
2020-10-05,508,36.01336476627982,1.0
2020-10-06,484,23.396896326760654,1.0
2020-10-07,508,31.191959628041914,1.0
2020-10-08,535,26.456907621255077,1.0
2020-10-09,580,31.215937155411716,1.0
2020-10-10,437,25.579429989429038,0.9479246157968235
2020-10-11,605,27.586035469638528,1.0
2020-10-12,399,28.704595876978605,1.0
2020-10-13,488,23.58906272109264,1.0
2020-10-14,524,32.40412172710063,1.0
2020-10-15,508,26.233932167642074,1.0
2020-10-16,461,27.757000423299907,0.8485746627340787
2020-10-17,481,24.028253126957438,1.0
2020-10-18,466,16.28833170602345,1.0
2020-10-19,460,28.244861186999152,1.0
2020-10-20,531,41.36307710806458,1.0
2020-10-21,505,33.32302143949012,1.0
2020-10-22,451,29.403698101328025,0.9648447694524249
2020-10-23,530,28.285545853958663,1.0
2020-10-24,499,29.81232946406023,1.0
2020-10-25,523,32.53559557587605,1.0
2020-10-26,513,23.995935923455775,1.0
2020-10-27,439,35.57160847334436,1.0
2020-10-28,451,33.676906577206225,1.0
2020-10-29,516,33.790928628539675,1.0
2020-10-30,508,32.49237869404864,1.0
2020-10-31,475,30.49808328846995,1.0
2020-11-01,481,33.8643061798341,1.0
2020-11-02,538,33.559070668706894,1.0
2020-11-03,443,28.92979644529488,1.0
2020-11-04,499,27.931991135515496,1.0
2020-11-05,461,31.409281476309932,1.0
2020-11-06,459,38.74510075747594,1.0
2020-11-07,524,24.904464621730497,1.0
2020-11-08,509,23.862373671237798,1.0
2020-11-09,507,32.123804206182584,0.9110081940709506
2020-11-10,531,31.654438509280087,1.0
2020-11-11,465,32.366708321852045,1.0
2020-11-12,497,32.8197659895425,1.0
2020-11-13,447,30.583988726825975,0.9896116738978903
2020-11-14,478,39.24931719301041,1.0
2020-11-15,454,23.89548010761742,1.0
2020-11-16,464,27.85751487609877,1.0
2020-11-17,488,31.583726199254766,1.0
2020-11-18,416,23.984055944229166,1.0
2020-11-19,561,31.42072797783964,1.0
2020-11-20,405,40.70735082864009,1.0
2020-11-21,394,32.60443244147981,0.9926932126818081
2020-11-22,511,33.75350452859342,1.0
2020-11-23,492,26.399176174137104,1.0
2020-11-24,483,29.71819295980261,1.0
2020-11-25,482,31.024018098380314,0.983277893042543
2020-11-26,449,31.41142451621883,1.0
2020-11-27,404,39.50821897501884,0.886171343669586
2020-11-28,451,35.98845530362563,1.0
2020-11-29,413,27.742710215314837,1.0
2020-11-30,494,34.63252389216002,1.0
2020-12-01,437,35.991108742483924,1.0
2020-12-02,402,39.300745192606335,0.9216920781110984
2020-12-03,427,41.60270343284187,1.0
2020-12-04,463,28.724529040860652,0.8912973557795953
2020-12-05,413,29.845712443948308,1.0
2020-12-06,399,27.71211070542692,0.8804314444093505
2020-12-07,451,32.9299007044651,1.0
2020-12-08,451,36.53179187223168,0.8771130981307376
2020-12-09,412,39.23667258294551,1.0
2020-12-10,413,34.020244881787384,1.0
2020-12-11,447,32.90076238372578,1.0
2020-12-12,362,35.3587899612437,0.9940500331528322
2020-12-13,364,30.524285491849888,1.0
2020-12-14,397,45.24769360847387,1.0
2020-12-15,422,26.861694864409706,1.0
2020-12-16,447,35.92370289447862,0.9387043891062478
2020-12-17,504,45.218031096148195,1.0
2020-12-18,473,35.233999222799994,0.80226351246967
2020-12-19,421,34.349804824992525,1.0
2020-12-20,427,33.61277288594786,1.0
2020-12-21,377,34.59804159118796,1.0
2020-12-22,426,42.46424237338265,1.0
2020-12-23,412,24.64069044335247,0.9249285061710479
2020-12-24,441,43.46716850648163,0.9654609821991615
2020-12-25,383,28.780214237749274,1.0
2020-12-26,450,34.666738353827924,1.0
2020-12-27,500,33.953777898506694,1.0
2020-12-28,417,39.1427663488536,1.0
2020-12-29,442,28.30937824058126,1.0
2020-12-30,455,38.710863330409715,1.0
2020-12-31,400,46.62154811643426,1.0
2021-01-01,431,29.78412997703595,1.0
2021-01-02,420,37.64853083805198,0.9067965680368353
2021-01-03,423,33.49008911101695,0.8622292543293203
2021-01-04,379,39.02943603096518,1.0
2021-01-05,418,37.09573888707876,0.9759904266280287
2021-01-06,441,33.892565454778456,1.0
2021-01-07,488,39.63936142435537,0.9621101419977458
2021-01-08,463,46.32174054893371,1.0
2021-01-09,522,36.44548104136351,1.0
2021-01-10,376,41.09878971074091,1.0
2021-01-11,457,31.133635210644183,1.0
2021-01-12,422,32.91781811590996,0.8892620996222275
2021-01-13,522,40.16203138940188,0.9138611588185627
2021-01-14,371,45.32058014267982,0.7431488035710232
2021-01-15,369,39.7780667439283,0.9441879021499502
2021-01-16,381,36.53470984738423,1.0
2021-01-17,304,38.19645702711677,1.0
2021-01-18,383,32.04796133015141,0.997125410609224
2021-01-19,371,41.422576631776835,1.0
2021-01-20,416,42.91166531161704,0.9464488319462458
2021-01-21,425,36.3395483358346,1.0
2021-01-22,502,36.349789261202496,1.0
2021-01-23,455,40.12939114826024,0.8477956558108689
2021-01-24,378,36.71640131979702,1.0
2021-01-25,362,38.66933692687089,1.0
2021-01-26,431,49.59860894583258,0.9618874805331873
2021-01-27,340,37.96487149627002,1.0
2021-01-28,497,37.50829923989389,1.0
2021-01-29,464,36.162290971824206,0.9869641776433666
2021-01-30,381,43.220959857499686,1.0
2021-01-31,319,38.69387913390948,0.9195972495875878
2021-02-01,472,36.453134808392875,1.0
2021-02-02,398,46.40652016136506,1.0
2021-02-03,465,46.99801502256818,1.0
2021-02-04,323,36.99788217130647,0.883480464648253
2021-02-05,373,30.76730024319692,1.0
2021-02-06,403,45.237568449184614,1.0
2021-02-07,405,36.87685087119998,1.0
2021-02-08,379,44.35312799581384,1.0
2021-02-09,433,30.649480911440822,0.9519443876251581
2021-02-10,348,45.06298669149655,1.0
2021-02-11,394,34.6441403535961,0.999713324605697
2021-02-12,407,44.45382059533262,0.8747824885653777
2021-02-13,427,40.97136533918217,0.9998247329377506
2021-02-14,436,36.23030290301678,0.8669148475575855
2021-02-15,344,39.0648184353661,0.9009219335991294
2021-02-16,324,44.63159228478351,0.9812825545412092
2021-02-17,464,41.82947226557617,0.9902289734828253
2021-02-18,417,44.32206490236242,0.8397519196248844
2021-02-19,363,51.38220292257743,1.0
2021-02-20,477,33.778791941444744,1.0
2021-02-21,406,49.786062874843125,0.8828162523929547
2021-02-22,459,42.321779687616065,0.7977716766300673
2021-02-23,403,37.40607975838436,0.9353001459790171
2021-02-24,503,35.34843187130505,0.9034767632022155
2021-02-25,487,41.154398046114835,0.9576864818485938
2021-02-26,387,46.8082505596223,0.9083835218932131
2021-02-27,448,41.662254398112324,0.7422943749871558
2021-02-28,432,49.95577465123674,0.9025730235005475
2021-03-01,468,35.244121549742204,0.9092368986246864
2021-03-02,351,42.53955526076973,1.0
2021-03-03,434,36.43803277793441,0.8668339000024675
2021-03-04,453,44.618159413124836,1.0
2021-03-05,312,47.3344369504865,0.742446210429389
2021-03-06,341,40.89619103159473,1.0
2021-03-07,298,30.07893071686433,0.9082409758505672
2021-03-08,386,44.19474073398248,1.0
2021-03-09,436,45.483692758667544,0.9358265374023641
2021-03-10,475,45.42147377480849,1.0
2021-03-11,404,49.67891095911077,0.886399138984979
2021-03-12,482,38.24473160175476,0.8139624152902647
2021-03-13,332,47.10108052725225,1.0
2021-03-14,316,49.76253756238987,0.9099465577053535
2021-03-15,398,35.00706207996741,0.9422325236741995
2021-03-16,420,45.59825912959489,1.0
2021-03-17,400,41.579100844961644,0.8145416393055664
2021-03-18,298,43.79238663449178,0.9761656222378821
2021-03-19,397,46.03838241769168,0.8565397780618592
2021-03-20,337,41.96385717943224,0.9012588265501582
2021-03-21,436,41.12145960419194,0.9206843756143177
2021-03-22,421,44.770762087440126,0.7624496261469599
2021-03-23,356,39.26377030568599,0.8336384513334312
2021-03-24,377,39.370874355574074,1.0
2021-03-25,350,48.296866414782514,0.9983484966902887
2021-03-26,400,39.25602982420672,0.9026230160788088
2021-03-27,452,48.43156250454606,0.9323933596381961
2021-03-28,355,47.512956464269756,0.8778875695675508
2021-03-29,430,36.67096635604702,1.0
2021-03-30,378,42.01217673832172,0.8858496899868104
2021-03-31,366,51.47054701523686,0.9284120490003737
2021-04-01,400,40.69417234430159,1.0
2021-04-02,354,43.37797868845306,0.8262904458169377
2021-04-03,379,48.11030446625948,1.0
2021-04-04,347,49.81695254641298,0.7499347432179265
2021-04-05,506,44.74230556977752,1.0
2021-04-06,410,43.112449026541796,0.8648218255767874
2021-04-07,373,53.31184930849254,0.8774324182428118
2021-04-08,419,54.994498318987894,0.712353502732572
2021-04-09,404,51.294290253908976,0.8555667318154275
2021-04-10,399,46.92659071282512,0.7967968143520512
2021-04-11,441,42.55867139179537,0.8397837845090038
2021-04-12,449,42.54777796721718,0.8866280533654527
2021-04-13,385,49.412570526328786,0.9959888973011161
2021-04-14,383,48.991991104443414,0.9208605716785122
2021-04-15,398,54.007992964732146,0.9307983611365906
2021-04-16,298,50.3522504626807,0.790449202558728
2021-04-17,338,39.684598491200916,0.8119361763399383
2021-04-18,482,52.55973808861459,1.0
2021-04-19,497,42.40969686342793,0.8266323314614142
2021-04-20,403,45.58014364023824,1.0
2021-04-21,444,48.85100103125848,0.8761468994916015
2021-04-22,432,57.67833744891983,0.9008918654583372
2021-04-23,571,63.3495927800268,1.0
2021-04-24,474,50.93361529568091,1.0
2021-04-25,412,47.08401690639806,0.8904499583926785
2021-04-26,371,50.77252824240275,0.8630752324884395
2021-04-27,339,52.638277129369186,0.8967150552852532
2021-04-28,430,46.69666187221404,0.9365494911149577
2021-04-29,383,57.37605677956161,0.9923696423410767
2021-04-30,350,49.65035379595701,0.9041864979162841
2021-05-01,390,51.08871544545697,0.9662148734940094
2021-05-02,369,52.02962126027231,1.0
2021-05-03,508,50.90793305307228,0.9436972325565456
2021-05-04,468,53.094702502348056,0.9374083568995715
2021-05-05,425,45.91373406726538,0.7550662902805179
2021-05-06,500,46.30849123026985,0.6446358764073817
2021-05-07,430,43.699228835141525,0.9473348955275005
2021-05-08,384,51.49750615310113,0.8998399318415307
2021-05-09,504,53.29468251756057,0.8587053896922712
2021-05-10,456,51.78886433075943,0.9354339051560985
2021-05-11,378,57.972462166737685,0.9059733058320243
2021-05-12,421,49.67201990585477,1.0
2021-05-13,388,53.14370827796256,0.9225955464901658
2021-05-14,363,44.441495619303424,0.8403293297694646
2021-05-15,479,48.06450148762799,1.0
2021-05-16,529,53.57768878782889,0.8954844901560237
2021-05-17,365,54.44551055371572,0.9709891364330865
2021-05-18,464,48.830165261679085,0.8717649325857153
2021-05-19,404,50.04200374070967,0.85572604631987
2021-05-20,413,42.910631266595956,0.9303600050016513
2021-05-21,408,48.814853995966956,0.924491715137381
2021-05-22,396,55.15191581759893,0.9724879385554454
2021-05-23,442,53.67602508053283,0.8989672408229462
2021-05-24,399,53.403328606906044,0.7435520851966817
2021-05-25,455,51.248868435904804,0.8852960464384411
2021-05-26,440,51.13531579314088,1.0
2021-05-27,432,47.89839430263277,0.9016917127837987
2021-05-28,399,54.79414210101267,0.9082603528276388
2021-05-29,417,53.504864721946944,1.0
2021-05-30,484,53.96009423996399,0.8647200355146084
2021-05-31,472,48.9698257866621,0.783185121780817
2021-06-01,399,40.93328540064378,0.9229754300059388
2021-06-02,454,57.28576355876847,0.8922186289574038
2021-06-03,488,49.50581271995798,0.8456326190295995
2021-06-04,368,47.686121179784394,0.9263637286674081
2021-06-05,479,55.56739455956997,0.9947189008566357
2021-06-06,420,50.23993680040436,0.9463280137896574
2021-06-07,483,57.59968192023311,0.9796646075783336
2021-06-08,417,55.48502974788349,1.0
2021-06-09,366,55.917846616002386,0.9181584210446444
2021-06-10,376,45.77022144399733,0.9820499553159283
2021-06-11,460,58.75971992693201,0.9050808535954107
2021-06-12,472,54.106252656169275,0.873170914407918
2021-06-13,415,51.05361430376898,0.9011376942790034
2021-06-14,493,53.716942336711256,0.9135903237706482
2021-06-15,379,44.2188238355084,0.9992668949934197
2021-06-16,460,55.24326405740336,1.0
2021-06-17,404,48.153142459089636,0.8954645084998727
2021-06-18,433,46.63664857078233,0.9273012243740075
2021-06-19,469,45.88820406891055,0.9645587705167407
2021-06-20,424,59.163441874949626,1.0
2021-06-21,449,50.55368303153606,1.0
2021-06-22,520,61.468638549582494,1.0
2021-06-23,442,51.22099268473851,0.7359699470982717
2021-06-24,513,45.463210212035264,0.7418740223348992
2021-06-25,416,48.5173778002567,0.9329448202932806
2021-06-26,500,60.3790581000347,1.0
2021-06-27,547,53.52050911031666,0.8299192617300758
2021-06-28,352,51.658563517546995,0.6877050496594974
2021-06-29,437,55.30009112926394,1.0
2021-06-30,507,57.10891368083772,1.0
2021-07-01,469,60.286994079512304,0.8854245908096845
2021-07-02,499,62.042496149464625,0.8978893614627663
2021-07-03,451,53.10115677105457,0.9014682622405878
2021-07-04,487,48.36976156958981,1.0
2021-07-05,476,53.032674194383624,0.9398108007532355
2021-07-06,543,56.50140253291443,1.0
2021-07-07,498,50.481205368946945,0.720975449044186
2021-07-08,504,50.614245425524786,0.922747358950694
2021-07-09,467,57.218939407749424,0.8978182065954645
2021-07-10,465,55.35673824214775,0.9867764227703212
2021-07-11,468,55.86398497705794,0.9605876386487855
2021-07-12,511,52.00752332649965,1.0
2021-07-13,471,54.74799642897116,0.8324045243500445
2021-07-14,508,51.37883427865848,1.0
2021-07-15,598,60.55099205562394,1.0
2021-07-16,539,61.376246673618766,1.0
2021-07-17,480,47.06906068880953,0.9779589013275232
2021-07-18,558,51.75244569903795,1.0
2021-07-19,479,49.01735372454961,0.8495882550714651
2021-07-20,398,53.34988032796551,0.7926808304891426
2021-07-21,451,56.282810151048196,1.0
2021-07-22,409,49.551773901507346,1.0
2021-07-23,486,52.29070093437343,1.0
2021-07-24,505,51.98021313959251,0.9020087977378143
2021-07-25,589,58.13633664699472,1.0
2021-07-26,523,57.546721685181254,1.0
2021-07-27,497,53.69131223331373,1.0
2021-07-28,550,58.284104360696986,1.0
2021-07-29,399,54.76659957706367,1.0
2021-07-30,523,56.24172444836974,0.8929834520144879
2021-07-31,551,66.06726045149269,1.0
2021-08-01,439,64.50230525895174,0.9924073051210899
2021-08-02,572,51.40209381536201,1.0
2021-08-03,532,62.14866208939587,0.9005255323196719
2021-08-04,496,62.156982772457965,0.9405171785939308
2021-08-05,549,52.45868355623691,1.0
2021-08-06,632,62.3938882187743,1.0
2021-08-07,529,66.08965959206276,1.0
2021-08-08,533,52.88727596877793,1.0
2021-08-09,499,54.01248589492868,0.8820807706466128
2021-08-10,481,63.788307334217514,1.0
2021-08-11,566,60.15747655412824,1.0
2021-08-12,483,61.65738137619761,1.0
2021-08-13,530,60.702946082002484,1.0
2021-08-14,504,61.05347960464072,0.9191039746368912
2021-08-15,552,52.56763935844459,1.0
2021-08-16,546,64.53658853310723,1.0
2021-08-17,583,65.24794996213886,1.0
2021-08-18,506,58.353046279659864,1.0
2021-08-19,519,59.38261525093069,1.0
2021-08-20,485,52.044462487221395,1.0
2021-08-21,513,62.37127378008917,1.0
2021-08-22,555,62.760287208570716,0.9741329278463502
2021-08-23,575,59.68904491500344,1.0
2021-08-24,492,65.72176679935251,1.0
2021-08-25,582,58.5296138451003,1.0
2021-08-26,608,63.123029629468,1.0
2021-08-27,562,55.30167830653942,1.0
2021-08-28,636,60.38223924562881,1.0
2021-08-29,504,59.72822871048582,1.0
2021-08-30,482,61.82653961020471,1.0
2021-08-31,456,58.9523653558332,1.0
2021-09-01,621,60.24263702164166,1.0
2021-09-02,580,65.13023585720754,1.0
2021-09-03,545,58.91617881380891,1.0
2021-09-04,563,53.16711449630661,1.0
2021-09-05,494,70.0479195210271,0.8957902690166413
2021-09-06,673,68.30727039345243,0.9838031652841491
2021-09-07,558,55.038686524471906,1.0
2021-09-08,558,65.04853902622597,1.0
2021-09-09,590,59.18512614724329,1.0
2021-09-10,579,63.117436076655295,0.9620207037653097
2021-09-11,567,63.371120645067464,0.9902946886409272
2021-09-12,517,60.82796099841839,0.8964393662316916
2021-09-13,581,58.18117167206802,1.0
2021-09-14,652,58.7472947384187,1.0
2021-09-15,626,57.719040422593785,1.0
2021-09-16,640,58.240888958847776,1.0
2021-09-17,535,62.16410854975322,1.0
2021-09-18,512,59.02120005444624,1.0
2021-09-19,556,66.1102603285631,0.9487768895935234
2021-09-20,566,70.23623077667963,1.0
2021-09-21,619,59.99973379314979,1.0
2021-09-22,481,64.19702250267689,1.0
2021-09-23,643,65.59842555151467,1.0
2021-09-24,559,65.56001135459637,1.0
2021-09-25,546,63.679776339580435,1.0
2021-09-26,518,67.11341209179861,1.0
2021-09-27,487,65.91124476340329,1.0
2021-09-28,611,57.41168788836351,1.0
2021-09-29,575,68.04578032194637,1.0
2021-09-30,507,68.2364541863337,0.9497255662247288
2021-10-01,508,60.08356947910709,1.0
2021-10-02,556,64.18968917723801,1.0
2021-10-03,657,67.51664496405535,0.9440840261251676
2021-10-04,562,63.153430902103196,0.9907707111467982
2021-10-05,500,69.66489023883005,1.0
2021-10-06,564,76.21936247309681,0.996656533976285
2021-10-07,563,60.57006983682509,1.0
2021-10-08,443,57.69477698423112,1.0
2021-10-09,575,66.21909297802438,0.9565391361934621
2021-10-10,567,68.40781252563072,0.9949401274647697
2021-10-11,614,63.74566813077616,1.0
2021-10-12,673,72.26630331660517,0.9600076999219233
2021-10-13,637,58.40697100138375,0.9300990383123613
2021-10-14,568,68.66459311515806,1.0
2021-10-15,527,62.27069589620553,1.0
2021-10-16,711,73.99688953103649,1.0
2021-10-17,586,75.4625767658406,1.0
2021-10-18,585,61.766717061083256,1.0
2021-10-19,583,62.9522143204571,0.9094229468854375
2021-10-20,595,70.097939434899,1.0
2021-10-21,578,63.96434675105243,1.0
2021-10-22,558,65.77294391033881,1.0
2021-10-23,559,66.22694210271204,1.0
2021-10-24,586,56.60163421901172,0.9654066611834987
2021-10-25,561,66.23081126952881,1.0
2021-10-26,553,62.951361129679135,1.0
2021-10-27,594,64.03438588800114,1.0
2021-10-28,577,73.81816001734407,1.0
2021-10-29,665,60.41746552860372,1.0
2021-10-30,458,70.86602593373988,1.0
2021-10-31,645,65.50518534834096,0.9610186052597909
2021-11-01,654,65.60119915752082,0.9909673844406869
2021-11-02,488,71.05185948025856,1.0
2021-11-03,575,68.90025647284446,1.0
2021-11-04,574,70.15306498609765,1.0
2021-11-05,523,72.24092330266431,1.0
2021-11-06,554,65.84345808408338,1.0
2021-11-07,538,64.53881632746125,1.0
2021-11-08,682,62.27424736721101,0.9408609704846821
2021-11-09,641,63.67294735010522,1.0
2021-11-10,658,82.64547212654364,1.0
2021-11-11,631,74.22339790368393,1.0
2021-11-12,539,61.344628168959886,0.9848847492259624
2021-11-13,569,61.587710216282154,0.8815853959336171
2021-11-14,620,70.70933030859246,1.0
2021-11-15,535,71.13632398688983,0.837800460681545
2021-11-16,632,71.24441917658682,1.0
2021-11-17,585,67.32522103223151,1.0
2021-11-18,578,68.0727286999855,1.0
2021-11-19,633,70.43939762079678,1.0
2021-11-20,620,69.32946503146665,1.0
2021-11-21,580,57.90349813626233,0.9676916489623469
2021-11-22,656,67.95100184712402,1.0
2021-11-23,544,64.94296782869843,1.0
2021-11-24,629,70.17605709454256,0.8691455053204041
2021-11-25,628,84.32629501301706,0.931394276770189
2021-11-26,583,71.33740832737152,0.9674188911559962
2021-11-27,615,68.032351569138,0.8179243473242672
2021-11-28,536,74.30900750988627,1.0
2021-11-29,645,72.21343943604606,0.9927169726959372
2021-11-30,590,72.00047245225922,0.8483626796694692
2021-12-01,573,73.03425296607836,1.0
2021-12-02,652,80.3827178241477,1.0
2021-12-03,564,64.54555782337043,1.0
2021-12-04,529,72.66816038405727,0.9753022203939853
2021-12-05,522,65.76809435009231,1.0
2021-12-06,630,73.27756323171124,1.0
2021-12-07,535,66.00656744256952,1.0
2021-12-08,687,68.61316593197458,0.91725546945091
2021-12-09,495,69.32455042881047,1.0
2021-12-10,684,75.77908359672355,1.0
2021-12-11,610,75.59227221971207,0.9340579218464188
2021-12-12,595,64.87141311776807,1.0
2021-12-13,572,71.47467055499925,0.9371717148428803
2021-12-14,619,67.75210072625413,0.9909882604943714
2021-12-15,597,65.10747544662334,0.9185166512916352
2021-12-16,654,70.41491474787814,1.0
2021-12-17,605,70.0575860577209,0.8075962169055705
2021-12-18,606,83.83358243172762,0.9252513085096098
2021-12-19,581,73.96479912680348,0.8686885281146627
2021-12-20,596,65.01191249622882,0.9894884821430718
2021-12-21,614,69.17612997914529,1.0
2021-12-22,513,77.20691647714699,1.0
2021-12-23,531,82.64221386434963,0.73301150975636
2021-12-24,635,64.37008343881021,1.0
2021-12-25,606,63.00037807430478,0.9959123310928074
2021-12-26,588,81.85482587685891,0.8868576592718295
2021-12-27,598,74.54807088685452,0.9783577980080781
2021-12-28,614,68.35853634061817,0.9784163626466041
2021-12-29,570,75.47314543061218,0.8922805635136761
2021-12-30,558,59.721261304915615,0.976941570034334
2021-12-31,606,73.0168775329858,0.8946042820967427
2022-01-01,547,74.73910586421542,0.9131347779487693
2022-01-02,616,77.82135069768916,0.8831811009913287
2022-01-03,510,68.23052023853731,0.8067991986935729
2022-01-04,646,73.8284358070168,0.9629272605929372
2022-01-05,618,68.87287686970207,1.0
2022-01-06,607,74.87691877837158,0.9964492113824419
2022-01-07,643,69.22326838818488,1.0
2022-01-08,677,71.75949580419889,0.9741001618757992
2022-01-09,644,68.92092302604885,0.8867809075588442
2022-01-10,501,77.25568120911828,1.0
2022-01-11,528,78.39225558328332,0.801148905323187
2022-01-12,561,73.02689715021293,0.8452946675539489
2022-01-13,593,74.49118997480014,0.8374287995765357
2022-01-14,617,67.15704292683229,1.0
2022-01-15,554,73.00161675996607,1.0
2022-01-16,600,74.34897691479127,0.9782014582987877
2022-01-17,552,87.80396545514988,1.0
2022-01-18,559,69.24016487112918,0.838764155178797
2022-01-19,518,82.2208861937622,0.9602064029290241
2022-01-20,542,79.98429386732904,0.9115137658758014
2022-01-21,520,76.50318202245067,1.0
2022-01-22,538,83.99310242097567,0.9099690946132665
2022-01-23,639,77.1605273630343,0.8817742362531309
2022-01-24,539,77.34579597833965,0.9731682757027811
2022-01-25,717,75.23439673491227,1.0
2022-01-26,610,81.71784441209313,0.8499582691994809
2022-01-27,594,81.18234616905443,0.9095926014574629
2022-01-28,541,72.67161356251893,0.8087972039456549
2022-01-29,618,69.30376402700617,0.6638104066326208
2022-01-30,554,74.98509681302171,0.9326722648402649
2022-01-31,588,72.09980717801176,0.9725615789556856
2022-02-01,709,75.88237712692323,0.9369577962751897
2022-02-02,576,82.4871906734207,0.7149107139912594
2022-02-03,637,74.11349172456606,0.873933765203162
2022-02-04,544,76.28588309344212,0.6863721459534625
2022-02-05,577,76.89011367404197,1.0
2022-02-06,667,80.94215441102642,0.7980883492820241
2022-02-07,546,65.56555333007697,1.0
2022-02-08,667,73.86649852617352,0.9999169274012596
2022-02-09,611,78.05641846139736,0.8146456730576758
2022-02-10,547,83.1003947821343,0.7908390753090329
2022-02-11,606,74.74048776246897,0.9386058058923771
2022-02-12,622,67.91723646979062,0.818626165553938
2022-02-13,604,80.49855722983068,0.9128355937863236
2022-02-14,494,74.32318805587185,0.8538718946374197
2022-02-15,535,71.65166670454819,0.7236454732530824
2022-02-16,558,74.57827305143388,0.6783604679330226
2022-02-17,566,76.87737321172075,0.9237610856182604
2022-02-18,600,74.87627667730894,0.844661838676016
2022-02-19,577,66.97216971450466,0.8452732557902053
2022-02-20,501,82.58533098443566,0.9699730113429919
2022-02-21,586,84.57437520639361,1.0
2022-02-22,596,81.55760995669752,0.8728605295683539
2022-02-23,593,72.71157164787593,0.8659792239791454
2022-02-24,618,77.49254233026241,0.9500174739764543
2022-02-25,605,78.5673934238527,0.7643136870885036
2022-02-26,585,81.69397194780956,0.9223666186957834
2022-02-27,558,82.1417024435904,0.9553239577078622
2022-02-28,478,75.22913100610752,0.9682823731963216
2022-03-01,581,79.4099777820678,0.7067479688624247
2022-03-02,569,81.3864020230762,0.8244914282665721
2022-03-03,572,86.47911161073384,0.8130440939928592
2022-03-04,493,82.82253269912361,0.9111422292544467
2022-03-05,502,83.3452834368776,0.9495506435971827
2022-03-06,608,79.9191331396468,1.0
2022-03-07,552,86.65229572601751,0.85274302101447
2022-03-08,587,81.74881397979749,0.8529227455011958
2022-03-09,554,75.49456044913214,1.0
2022-03-10,553,86.91684985062597,0.9333351301248783
2022-03-11,597,83.48951636269514,1.0
2022-03-12,524,77.78477989435758,0.9337017730668095
2022-03-13,553,77.60253516300378,0.7897502988346266
2022-03-14,525,81.48287772570382,0.7728199271235281
2022-03-15,525,82.31592397633793,0.7516898852341839
2022-03-16,530,80.98646132815603,0.9737919034685344
2022-03-17,556,81.55654336721443,1.0
2022-03-18,520,88.4997868728819,1.0
2022-03-19,606,85.35771576117443,0.9943546005254043
2022-03-20,497,80.95317795632512,1.0
2022-03-21,531,84.70655290383742,0.8538611176984081
2022-03-22,518,74.8373804823623,0.7971835771360828
2022-03-23,611,81.98963524973405,0.9988303686730758
2022-03-24,547,89.04653174866556,0.9566222571529214
2022-03-25,588,78.90977052303813,0.9266644230526971
2022-03-26,461,75.76183035690458,0.9557565682562341
2022-03-27,548,76.73955555703469,0.9504705941386128
2022-03-28,578,74.55183481328805,1.0
2022-03-29,537,76.07619045936148,1.0
2022-03-30,585,78.14745950704986,0.97616650934024
2022-03-31,504,72.97216490410679,1.0
2022-04-01,600,80.07809166974802,0.9757029859196961
2022-04-02,643,84.51138586893323,0.8795015645035479
2022-04-03,509,75.46121909926539,1.0
2022-04-04,504,87.59641961820884,0.7889013590547701
2022-04-05,598,82.55396044263797,1.0
2022-04-06,603,85.15290292812028,0.8117455235279407
2022-04-07,497,76.71082723073931,0.9612431893944811
2022-04-08,501,84.27262613533308,0.8496394420407528
2022-04-09,507,74.54033049802344,0.9910120505460952
2022-04-10,452,84.45123750418254,0.9338246738825705
2022-04-11,473,80.85919669896765,0.7793107571800537
2022-04-12,467,82.76625609992392,0.9824499572618907
2022-04-13,478,74.12202697187574,0.8842054048478407
2022-04-14,514,75.52465078861698,1.0
2022-04-15,526,82.98614109126693,0.9454339725940172
2022-04-16,591,75.258259978879,0.9865286135533519
2022-04-17,462,82.31603146049561,0.8529359354941554
2022-04-18,560,73.16431096769877,0.8914864460175846
2022-04-19,499,84.24087106333334,0.9063024751861299
2022-04-20,506,73.83738342615746,1.0
2022-04-21,541,82.76149968839762,1.0
2022-04-22,450,83.12815466823001,0.8770011369298192
2022-04-23,524,76.51614090785212,1.0
2022-04-24,513,82.91013283542364,0.7442047028151362
2022-04-25,528,81.30221131666778,0.8436042335044538
2022-04-26,516,77.30579071903631,0.8690108472585185
2022-04-27,624,74.95722657961896,0.8315173872513414
2022-04-28,468,70.1868715416371,0.8103022727893111
2022-04-29,472,81.74825023649846,1.0
2022-04-30,466,72.17598614318972,0.9510768964220542
2022-05-01,469,80.47672099720654,1.0
2022-05-02,463,78.68275891958875,1.0
2022-05-03,554,83.39571387719097,1.0
2022-05-04,564,78.48977250255068,1.0
2022-05-05,463,78.35276106826454,0.9752658642634614
2022-05-06,449,83.65935352144147,0.8654913089241186
2022-05-07,513,81.67529014542059,1.0
2022-05-08,461,81.58077978591389,0.9292407236759311
2022-05-09,519,82.34633794904263,0.8965804569472839
2022-05-10,497,72.32213938396447,0.9743403929463761
2022-05-11,410,83.78394339993491,0.9028463293233406
2022-05-12,562,83.06234397006801,0.9543819727334234
2022-05-13,573,74.91658435711751,1.0
2022-05-14,451,78.77959763162899,1.0
2022-05-15,462,79.80346356186185,0.9123408741748018
2022-05-16,494,79.32751607799133,0.9553523343220401
2022-05-17,496,81.66929983284267,1.0
2022-05-18,511,87.15683390915592,1.0
2022-05-19,577,85.40883363836414,1.0
2022-05-20,467,73.43890403284297,1.0
2022-05-21,435,83.11034995153024,1.0
2022-05-22,404,86.64466659767704,0.8772674095191832
2022-05-23,436,81.93404260344602,1.0
2022-05-24,470,85.45490212592983,1.0
2022-05-25,560,90.06135222850382,0.9668458159673209
2022-05-26,443,85.11854773053491,1.0
2022-05-27,479,81.24654297820864,1.0
2022-05-28,466,85.22544237042376,1.0
2022-05-29,525,80.72443916548445,0.9418231182073459
2022-05-30,591,80.11951521642477,1.0
2022-05-31,437,78.24292882143133,0.9697068691054893
2022-06-01,438,87.81706679416054,1.0
2022-06-02,514,75.90785667028999,1.0
2022-06-03,495,87.66183862339058,1.0
2022-06-04,552,82.49932061870186,1.0
2022-06-05,488,73.00346912599029,0.9386867676004576
2022-06-06,440,81.83824646495711,1.0
2022-06-07,486,69.49986746174189,0.8641792983881359
2022-06-08,511,83.12754008415519,0.9882846044269402
2022-06-09,496,84.42615741494495,1.0
2022-06-10,479,77.03822022173973,1.0
2022-06-11,506,80.61773847977791,1.0
2022-06-12,510,89.77078716875143,1.0
2022-06-13,520,77.47126647869031,1.0
2022-06-14,482,74.705462064717,1.0
2022-06-15,441,87.40831701231299,1.0
2022-06-16,455,89.81293595265397,1.0
2022-06-17,507,80.01847835923924,1.0
2022-06-18,405,85.05731517704179,0.9679009182294938
2022-06-19,464,86.70737957765441,1.0
2022-06-20,425,76.28757883730808,1.0
2022-06-21,445,77.57347082316066,0.9684218629599098
2022-06-22,506,86.15437256577367,1.0
2022-06-23,451,88.42507139354255,1.0
2022-06-24,443,82.81440430087177,1.0
2022-06-25,372,75.60092823248974,0.9675278908405855
2022-06-26,476,89.9353055584972,1.0
2022-06-27,470,77.34514551094017,0.9875195952801111
2022-06-28,545,78.32431109414274,1.0
2022-06-29,421,81.7116891724481,1.0
2022-06-30,446,87.77080210357387,1.0
2022-07-01,447,84.26987988276112,1.0
2022-07-02,512,82.07432750180955,0.9602004067305467
2022-07-03,428,82.31644265059053,1.0
2022-07-04,446,80.21757334321732,1.0
2022-07-05,462,82.79069757259253,1.0
2022-07-06,440,67.35219961152849,1.0
2022-07-07,407,78.51696270465101,1.0
2022-07-08,438,81.2066096745839,1.0
2022-07-09,482,74.24492958190247,1.0
2022-07-10,376,81.9316165890578,1.0
2022-07-11,433,78.97764389506939,0.9740335633427111
2022-07-12,391,88.77737849157745,1.0
2022-07-13,485,87.86509862607429,1.0
2022-07-14,348,77.67097215440918,1.0
2022-07-15,396,79.24581144216653,1.0
2022-07-16,442,79.63026217195804,0.996793489546636
2022-07-17,500,77.74170261920189,1.0
2022-07-18,418,80.97512492014063,1.0
2022-07-19,393,76.20858965556205,1.0
2022-07-20,514,74.34692332531237,1.0
2022-07-21,347,83.11355611950134,1.0
2022-07-22,309,83.14764792110905,1.0
2022-07-23,440,75.97842120170004,1.0
2022-07-24,392,84.476777153813,0.9908994894912659
2022-07-25,366,76.84211135417334,1.0
2022-07-26,452,81.26582619018991,1.0
2022-07-27,428,84.10172006306227,1.0
2022-07-28,387,79.83193717648143,0.8826010557242473
2022-07-29,350,82.27370456070567,1.0
2022-07-30,457,77.41785178056215,1.0
2022-07-31,446,79.01766708285952,1.0
2022-08-01,408,78.9707028455983,1.0
2022-08-02,504,76.26710826729881,1.0
2022-08-03,358,79.11612918442108,1.0
2022-08-04,335,72.25690850568127,1.0
2022-08-05,376,77.54423126428948,1.0
2022-08-06,408,78.57562253315164,1.0
2022-08-07,422,78.7191012375231,1.0
2022-08-08,397,78.79251277064611,0.9896563024757936
2022-08-09,426,79.69117900069935,1.0
2022-08-10,346,82.39720759043033,1.0
2022-08-11,480,84.37258537066262,1.0
2022-08-12,403,76.75117386575866,1.0
2022-08-13,463,73.98399572305428,1.0
2022-08-14,424,74.78977793878448,1.0
2022-08-15,429,77.56398539402537,0.8938189463651055
2022-08-16,434,78.24039341091745,1.0
2022-08-17,428,76.1500196690127,1.0
2022-08-18,437,73.51941667875053,1.0
2022-08-19,471,77.71939586262906,1.0
2022-08-20,414,80.90713310056985,1.0
2022-08-21,439,82.97514732917783,0.8079437277177319
2022-08-22,399,77.2128847344584,1.0
2022-08-23,475,77.93501088928284,1.0
2022-08-24,369,75.36650845576345,1.0
2022-08-25,493,79.84280414812612,1.0
2022-08-26,400,75.75785682904592,0.9985198173741411
2022-08-27,331,82.865639066206,1.0
2022-08-28,408,71.07066754032944,1.0
2022-08-29,368,78.20185163773769,1.0
2022-08-30,443,81.50553669595871,1.0
2022-08-31,369,80.91917258161253,1.0
2022-09-01,379,93.46516831990249,1.0
2022-09-02,306,81.74900012283953,1.0
2022-09-03,378,74.97972701578995,0.9238608475424538
2022-09-04,279,79.52267876455464,1.0
2022-09-05,321,71.11876833266774,1.0
2022-09-06,438,79.5970012535162,1.0
2022-09-07,439,75.83471971499621,1.0
2022-09-08,421,84.57695137780081,0.7803345470350549
2022-09-09,352,77.25229862702233,1.0
2022-09-10,397,79.41617042102376,0.9468856034697949
2022-09-11,400,76.82221079297798,0.8657209195987178
2022-09-12,342,88.69425675926665,0.782732352838932
2022-09-13,475,78.39378616941045,1.0
2022-09-14,443,89.162785217396,1.0
2022-09-15,388,84.07075881059133,1.0
2022-09-16,401,82.41033363667692,1.0
2022-09-17,410,81.8436657365876,1.0
2022-09-18,297,81.96898649108125,1.0
2022-09-19,387,70.36163710327195,0.9155583073194282
2022-09-20,365,78.60558302924622,1.0
2022-09-21,350,84.2257898559216,0.8897724711255913
2022-09-22,386,79.75551408262947,1.0
2022-09-23,490,72.97405076598213,1.0
2022-09-24,432,79.73797774711265,1.0
2022-09-25,371,88.52052758127746,1.0
2022-09-26,429,86.23445857767359,1.0
2022-09-27,470,79.68997995316984,1.0
2022-09-28,447,84.75724638529043,1.0
2022-09-29,403,78.16746489815974,1.0
2022-09-30,368,71.4806420658664,0.9411581178843613
2022-10-01,436,75.37767005935223,1.0
2022-10-02,421,87.81444384254098,0.951262088054839
2022-10-03,446,78.63003459085348,1.0
2022-10-04,433,78.78308010312492,0.9993476122643625
2022-10-05,454,78.5008090186256,0.9691844577321451
2022-10-06,375,89.52068294786504,0.9766729042705062
2022-10-07,468,88.12979457681031,1.0
2022-10-08,412,91.09390116724067,1.0
2022-10-09,506,79.20477394799974,0.9537709299482744
2022-10-10,368,81.47812244373547,1.0
2022-10-11,490,72.41678725289604,0.9283722067252721
2022-10-12,413,87.38467213059137,1.0
2022-10-13,371,74.16110224366032,1.0
2022-10-14,380,81.08387781881315,0.8448930700327006
2022-10-15,388,74.51348736183579,1.0
2022-10-16,426,77.05566586630653,0.8985233622790552
2022-10-17,431,75.8136878447515,1.0
2022-10-18,377,76.96062369662091,0.9037701236407394
2022-10-19,405,77.3043864842551,1.0
2022-10-20,513,77.25865602537462,1.0
2022-10-21,493,84.16666955890153,1.0
2022-10-22,429,74.4756860346874,1.0
2022-10-23,409,81.10270713506934,0.9669216135169034
2022-10-24,414,86.0897957615278,0.9304217938983503
2022-10-25,439,77.43401817743302,1.0
2022-10-26,358,76.41040554626198,0.9141534332260444
2022-10-27,397,78.84737687409874,0.8784250921405269
2022-10-28,326,85.89862604180355,1.0
2022-10-29,430,80.97053815476679,0.8985977345514716
2022-10-30,443,77.343928526962,0.881257604302966
2022-10-31,387,82.4193832559402,0.8299655611139635
2022-11-01,491,74.48853925081788,0.9241073059290015
2022-11-02,351,83.40679755221474,0.9622101303455494
2022-11-03,340,82.04303653850884,0.992885955314747
2022-11-04,425,78.46095764430558,1.0
2022-11-05,467,75.80707100776385,1.0
2022-11-06,499,75.56659538858271,0.9438534454609179
2022-11-07,392,82.67408668172955,0.9412710447664551
2022-11-08,470,86.14490251244531,1.0
2022-11-09,415,76.81346126485603,1.0
2022-11-10,409,82.29193351775743,0.968268175305257
2022-11-11,462,69.56486490698965,0.9069402441373682
2022-11-12,451,77.076911346714,0.8528017617042223
2022-11-13,340,79.84470533564549,0.8058220316423839
2022-11-14,494,75.45158291509082,1.0
2022-11-15,490,75.31746812605202,1.0
2022-11-16,390,76.66110221765557,1.0
2022-11-17,442,81.46096364163186,0.930698883837206
2022-11-18,447,79.06335490796813,1.0
2022-11-19,436,68.80884383337514,0.8918968637990768
2022-11-20,397,69.39649923682467,1.0
2022-11-21,391,76.96567411071412,0.9332738018690769
2022-11-22,424,82.28843293026776,0.8747701002430287
2022-11-23,485,66.26247578637383,0.9933410498563993
2022-11-24,454,77.50134911924185,0.9735608373202186
2022-11-25,409,77.3687607174129,0.9668306679168355
2022-11-26,467,86.94168889104223,0.9378249464590813
2022-11-27,287,78.07489094143568,0.924499628566036
2022-11-28,488,81.91494492370464,1.0
2022-11-29,344,80.70628570043732,1.0
2022-11-30,414,69.347167600964,0.9965214199112588
2022-12-01,377,83.84103608315868,0.9341284762544819
2022-12-02,369,81.07698252728144,1.0
2022-12-03,492,82.54134319837294,0.9722606604850027
2022-12-04,412,99.63118853218162,0.9218854454314108
2022-12-05,453,69.57943530250705,0.8877446178710511
2022-12-06,434,88.62348324880554,0.9088781553628786
2022-12-07,462,78.56276240299822,0.5988293652101415
2022-12-08,442,81.43664452201504,0.9358677224992994
2022-12-09,375,79.77243877349379,0.8649298061387766
2022-12-10,490,77.87881833300978,1.0
2022-12-11,417,77.1508353588062,0.9137552343270431
2022-12-12,364,81.64754367786504,0.7919989054168233
2022-12-13,422,72.4141315166416,0.9050172927949639
2022-12-14,519,83.75289583760883,0.8045392572157851
2022-12-15,487,77.91902797557373,0.9556745030499543
2022-12-16,428,74.34965330479821,0.9366475589425364
2022-12-17,429,77.74993571002094,1.0
2022-12-18,432,86.28574608431286,0.8270139958886573
2022-12-19,553,77.32332456491889,0.9088338564402125
2022-12-20,469,81.7922680910481,0.7682995645544156
2022-12-21,472,76.34521862142263,0.9743579976022998
2022-12-22,503,83.7896092496181,0.9555407280816233
2022-12-23,465,83.42753869395102,0.9527177400395344
2022-12-24,441,89.24304416648206,0.9028215127849764
2022-12-25,445,79.12218027250393,0.9436982052989522
2022-12-26,452,83.34327402378953,1.0
2022-12-27,455,80.49033769769473,0.8729515944747903
2022-12-28,494,86.47935890931507,0.9150046398864125
2022-12-29,461,76.40583806195635,0.792246135566955
2022-12-30,496,83.72502656438641,0.8137909684668951
2022-12-31,457,79.0265135194166,0.9101964449267528
2023-01-01,466,79.67905911445752,1.0
2023-01-02,363,80.45876242224186,0.8745026978959606
2023-01-03,509,81.26120198213339,0.8764568548332352
2023-01-04,482,79.4188547843902,0.8593176900215652
2023-01-05,516,81.07356591585263,0.846528250276104
2023-01-06,322,87.89059028781092,0.9295387629197445
2023-01-07,572,84.9272484280761,0.7503935348396238
2023-01-08,462,84.34577296248449,1.0
2023-01-09,525,77.72230236988065,0.8338522393557757
2023-01-10,419,75.55379585885838,0.972782195450888
2023-01-11,503,84.77650279118876,0.7738291268418511
2023-01-12,421,84.38023396264897,0.9679898063931303
2023-01-13,443,87.36335337875491,0.9686166172413208
2023-01-14,571,76.98009687015386,0.9401981566048856
2023-01-15,467,78.85225672319827,0.80273017767937
2023-01-16,488,71.80257918737283,0.9275620587579243
2023-01-17,522,78.03764446969564,0.784774787068973
2023-01-18,504,84.98285255289724,0.8783160123226277
2023-01-19,488,77.66752310385901,1.0
2023-01-20,500,83.20239897600412,0.9844018602670473
2023-01-21,603,79.04748447001094,0.9068769035352088
2023-01-22,481,81.6202851411078,0.8085427487044929
2023-01-23,495,74.26154305092166,0.9712845639142847
2023-01-24,539,80.42604724816951,0.9094036113060379
2023-01-25,543,65.04432014549639,0.6762106351237716
2023-01-26,548,79.06551920919007,0.9873185868876446
2023-01-27,521,71.84763378142429,0.907482106723924
2023-01-28,434,86.02997258273408,1.0
2023-01-29,573,83.88703676382255,0.802185665547356
2023-01-30,436,82.3333549098304,0.5949991546710485
2023-01-31,509,87.6050311357969,0.9415696714053919
2023-02-01,457,75.25541739587581,0.9438439371538999
2023-02-02,493,88.73681598957779,0.7466808144746082
2023-02-03,514,84.66095782130192,0.8189921300839044
2023-02-04,514,78.81722356390527,1.0
2023-02-05,521,85.67810073591473,0.8885685733651654
2023-02-06,581,74.46853243794183,0.9934180601032924
2023-02-07,524,75.87742919236163,0.8564805774866143
2023-02-08,491,76.9570513838015,0.7137720484257976
2023-02-09,552,77.35511145967992,0.9070631697545705
2023-02-10,565,74.71721178619873,0.8988455579186913
2023-02-11,445,86.11541533547663,0.8867650461934533
2023-02-12,537,78.70572799815085,0.9166649404980007
2023-02-13,543,81.7625248417844,0.9559607526336664
2023-02-14,495,77.1482431679316,0.9159553172544621
2023-02-15,579,70.89698349725741,0.806027094770467
2023-02-16,504,81.35028679195712,0.9825339179211798
2023-02-17,519,70.43872512290112,0.7404924233759045
2023-02-18,505,79.65682976957265,0.7319338406223972
2023-02-19,516,73.15842480583595,1.0
2023-02-20,461,89.93637999615405,0.9908265963662521
2023-02-21,445,84.5568136108736,0.9359987660534864
2023-02-22,598,80.5287689563574,0.8038304893957197
2023-02-23,477,86.31853338827334,0.8742439322232224
2023-02-24,471,75.76842011267132,0.9204420231980098
2023-02-25,414,82.71739689335047,0.7888302853956579
2023-02-26,491,80.99905216859356,0.8762404321765254
2023-02-27,458,81.32010040666835,1.0
2023-02-28,607,86.36176750053384,1.0
2023-03-01,576,83.662460513899,0.9134875246897116
2023-03-02,493,81.44361831412512,1.0
2023-03-03,641,71.72556281885852,0.7676404380242217
2023-03-04,578,75.19976852360269,1.0
2023-03-05,514,79.38645533202138,0.8823325656891969
2023-03-06,406,80.46686187138326,0.9953251823311611
2023-03-07,647,74.34898137663038,0.9416927556144292
2023-03-08,464,92.05838337789211,1.0
2023-03-09,452,87.58197027626787,0.88281866693185
2023-03-10,587,83.01059160196242,1.0
2023-03-11,658,80.36018430641873,0.9461532938490855
2023-03-12,607,78.93895515049424,0.9602103189230599
2023-03-13,567,75.24040769988882,0.9596018872872523
2023-03-14,569,80.38740259259431,0.8953751808287684
2023-03-15,583,81.28876270071375,0.9804958320985779
2023-03-16,579,73.79119712259188,0.9776113813553989
2023-03-17,557,81.67088208622448,1.0
2023-03-18,549,79.22370475587626,0.9962862250610012
2023-03-19,541,70.46096221061305,1.0
2023-03-20,508,75.6980749461025,1.0
2023-03-21,532,77.93197233289177,0.8887471384177777
2023-03-22,463,89.43843828670096,1.0
2023-03-23,544,82.78276562266879,0.8791720432290583
2023-03-24,500,73.32259215450054,1.0
2023-03-25,495,82.43018144708819,1.0
2023-03-26,560,72.26348005530818,0.8126729021907266
2023-03-27,622,85.41345526943536,1.0
2023-03-28,599,77.6443767409106,0.9609479749130844
2023-03-29,476,79.53181905630414,0.933913278559953
2023-03-30,506,86.62898323771095,1.0
2023-03-31,603,73.56418215707875,0.9483937838304458
2023-04-01,508,73.01440907443504,0.9351020917142466
2023-04-02,547,77.08200336826998,1.0
2023-04-03,586,85.19189425509659,1.0
2023-04-04,511,72.4032696226158,1.0
2023-04-05,566,65.83922200944716,1.0
2023-04-06,495,77.744205707955,1.0
2023-04-07,532,82.7587039995546,0.8096274648763281
2023-04-08,579,86.00130874869414,0.9764194649626854
2023-04-09,484,77.68419318957301,0.9750877697691493
2023-04-10,587,77.94286696441999,1.0
2023-04-11,565,85.76950367127874,0.7725636284252295
2023-04-12,594,70.65129150152289,1.0
2023-04-13,578,78.05739612408496,1.0
2023-04-14,636,80.95211944962529,1.0
2023-04-15,575,82.24609360642518,1.0
2023-04-16,548,77.45096653404559,1.0
2023-04-17,577,80.1722050585292,1.0
2023-04-18,598,67.55836323293505,1.0
2023-04-19,574,76.70875793833076,1.0
2023-04-20,575,82.26754356277233,1.0
2023-04-21,538,75.0885298287266,1.0
2023-04-22,541,80.29492110794799,0.9720284071796981
2023-04-23,505,82.23436250401349,0.9876022109962338
2023-04-24,663,78.28725399571117,0.922889518449235
2023-04-25,514,80.85231885498285,1.0
2023-04-26,543,75.18633717357694,0.8926911658704273
2023-04-27,542,78.96694360151977,1.0
2023-04-28,623,83.05108084794611,1.0
2023-04-29,564,80.78486480484217,1.0
2023-04-30,642,77.06734365218033,1.0
2023-05-01,547,81.12108202145396,1.0
2023-05-02,595,83.57304895318309,1.0
2023-05-03,540,69.75029360711261,0.9471457208699227
2023-05-04,690,85.79537032477948,1.0
2023-05-05,524,78.31872630659464,1.0
2023-05-06,599,82.12744966620116,0.9742092476777418
2023-05-07,616,85.98623461822613,0.9429426154355653
2023-05-08,606,73.14163151384767,1.0
2023-05-09,576,76.45279498786226,1.0
2023-05-10,579,78.55725652062148,1.0
2023-05-11,589,76.08123239437786,1.0
2023-05-12,580,88.67468287918405,1.0
2023-05-13,636,75.71613953086603,0.9988031792910484
2023-05-14,699,77.22226610256567,1.0
2023-05-15,561,81.02194515801489,1.0
2023-05-16,521,73.98925236961955,1.0
2023-05-17,585,78.02159644121868,1.0
2023-05-18,719,81.58726630625088,1.0
2023-05-19,550,78.33569797808744,1.0
2023-05-20,673,79.53306570550026,1.0
2023-05-21,675,77.35333943775815,1.0
2023-05-22,564,72.42764845409616,0.9704578936202387
2023-05-23,621,81.6079660566962,1.0
2023-05-24,674,88.7746653582362,1.0
2023-05-25,574,80.09200815391719,0.9880930507330823
2023-05-26,583,81.12632058623775,1.0
2023-05-27,565,83.46361377558429,0.9268951227693926
2023-05-28,543,73.65334751726651,0.9842988681891025
2023-05-29,562,88.51257329064802,1.0
2023-05-30,534,81.01164398211401,1.0
2023-05-31,597,88.15928449544555,1.0
2023-06-01,557,76.33483502238005,0.9963718531710032
2023-06-02,608,89.09030961278913,0.9957713745445786
2023-06-03,518,83.87577747017392,1.0
2023-06-04,613,82.7652004292618,1.0
2023-06-05,638,81.17012227176573,1.0
2023-06-06,497,78.75735690962776,1.0
2023-06-07,616,86.00265829236936,0.9843863097203056
2023-06-08,659,80.70179934924023,1.0
2023-06-09,537,70.16465148206424,1.0
2023-06-10,681,74.414067691465,1.0
2023-06-11,619,79.07077123903626,1.0
2023-06-12,563,81.54999491582778,1.0
2023-06-13,596,79.71705755550052,1.0
2023-06-14,626,86.09485394896832,0.9725819980278407
2023-06-15,603,70.24449067980687,1.0
2023-06-16,626,80.7179396825258,1.0
2023-06-17,553,70.91010387306423,1.0
2023-06-18,608,83.79856147742085,1.0
2023-06-19,528,79.52770642778998,1.0
2023-06-20,594,82.0980498601206,1.0
2023-06-21,554,75.68058519705117,1.0
2023-06-22,563,86.39732465828875,1.0
2023-06-23,661,85.20862332029425,1.0
2023-06-24,654,82.91772151505944,1.0
2023-06-25,630,79.3524137656828,1.0
2023-06-26,545,82.89928642647565,1.0
2023-06-27,584,76.46553716006325,1.0
2023-06-28,660,84.27777829510356,0.9649747721662854
2023-06-29,607,88.2474044716196,1.0
2023-06-30,715,85.35305279989593,1.0
2023-07-01,619,76.35198765096295,0.8726956203845798
2023-07-02,609,81.80708658636551,1.0
2023-07-03,584,73.53429228120676,1.0
2023-07-04,606,82.86195155587838,1.0
2023-07-05,591,82.2530170643127,1.0
2023-07-06,634,70.65091830233918,1.0
2023-07-07,647,74.19108078043818,1.0
2023-07-08,559,78.58430551628116,1.0
2023-07-09,532,78.49570126429587,0.9443306341835034
2023-07-10,507,73.95261532290597,1.0
2023-07-11,624,81.94489364676092,1.0
2023-07-12,543,81.25736804470256,1.0
2023-07-13,490,79.02865434010741,1.0
2023-07-14,617,76.22104249920818,1.0
2023-07-15,722,85.24353563208282,1.0
2023-07-16,597,88.27703556544148,1.0
2023-07-17,639,77.58219258076731,0.9412389035596834
2023-07-18,601,76.9391654142259,1.0
2023-07-19,591,82.45603832705999,1.0
2023-07-20,642,78.20985310126507,1.0
2023-07-21,581,79.30301399668383,1.0
2023-07-22,609,83.69826575862336,1.0
2023-07-23,611,70.45321956246353,1.0
2023-07-24,561,86.59151162426335,1.0
2023-07-25,644,80.36340262164671,0.9242241060280596
2023-07-26,585,77.9425342771891,1.0
2023-07-27,556,79.55382922889275,1.0
2023-07-28,620,79.81214677510259,1.0
2023-07-29,548,71.34399348277537,1.0
2023-07-30,594,87.47469113726618,1.0
2023-07-31,592,80.2066281613531,0.9504368231408807
2023-08-01,646,82.21501065223687,1.0
2023-08-02,615,84.75774885287021,1.0
2023-08-03,590,74.8941877121985,0.982683930986366
2023-08-04,631,82.36735949517615,1.0
2023-08-05,659,78.66179454550603,0.950765191597416
2023-08-06,617,84.23385387608246,1.0
2023-08-07,589,69.36386289824253,1.0
2023-08-08,523,79.50452849879366,1.0
2023-08-09,535,76.9858967210802,1.0
2023-08-10,572,82.16131475317077,1.0
2023-08-11,556,82.35022093684101,0.9328371312925764
2023-08-12,577,76.46187052588986,0.8232024680577662
2023-08-13,589,76.43913067911978,0.8826860833337681
2023-08-14,612,79.44667315721335,0.8905918874341986
2023-08-15,581,75.51678886342395,1.0
2023-08-16,608,84.20991847726063,1.0
2023-08-17,587,78.15396399776277,1.0
2023-08-18,484,65.46505890339179,0.7981714111452055
2023-08-19,535,78.12588971689097,0.898454241841539
2023-08-20,574,74.80728089578014,1.0
2023-08-21,520,71.84362092269527,1.0
2023-08-22,610,73.81286680888714,0.9976018287885012
2023-08-23,656,80.54704235916485,1.0
2023-08-24,640,86.64320414124116,1.0
2023-08-25,568,81.5659223693249,0.9842452350197344
2023-08-26,652,76.9674830589213,1.0
2023-08-27,584,82.27952097585352,1.0
2023-08-28,559,77.70454844890504,1.0
2023-08-29,545,76.52699815418427,0.7884182034671025
2023-08-30,560,74.22818665883509,1.0
2023-08-31,555,71.24085596624141,0.9828765302423166
2023-09-01,582,78.05038146720277,1.0
2023-09-02,581,80.79026744960066,0.9246314529159515
2023-09-03,572,79.51688164992555,0.9834835619247114
2023-09-04,593,77.92016536026321,1.0
2023-09-05,630,75.2712696965161,1.0
2023-09-06,617,83.04123095842485,1.0
2023-09-07,494,73.41434040026708,0.895673334697137
2023-09-08,440,83.88013956921738,0.9361464344592122
2023-09-09,614,74.98891490536637,0.9312320907369634
2023-09-10,498,76.23782381323483,0.7950696535132344
2023-09-11,554,72.66607404692161,0.9396955668804595
2023-09-12,506,77.49298926557182,1.0
2023-09-13,474,84.87656229238989,0.8414561254577861
2023-09-14,590,82.57814044221978,1.0
2023-09-15,600,84.89211056014018,1.0
2023-09-16,532,82.61071272966969,0.8898133725367932
2023-09-17,431,74.48165085734816,0.947231275460122
2023-09-18,532,78.34605387836221,1.0
2023-09-19,578,76.09900435441268,1.0
2023-09-20,484,86.6528745201952,0.9568008154620811
2023-09-21,566,74.01605676786845,0.9303678184150612
2023-09-22,555,84.46848844694556,0.9600291022236644
2023-09-23,584,84.46476935054385,0.8994429365384534
2023-09-24,560,89.14810100858044,0.7384151905396338
2023-09-25,504,77.95156703685251,1.0
2023-09-26,612,83.56161079790081,0.9610263518358784
2023-09-27,543,91.40825918269421,0.9836427989241388
2023-09-28,549,76.91179161533152,0.9363939859422271
2023-09-29,502,72.3247987623382,0.8670528947002606
2023-09-30,526,70.59994983046118,0.9203757138982729
2023-10-01,503,83.56356014430666,0.777456684915605
2023-10-02,538,70.58424895970708,1.0
2023-10-03,631,78.13840473531039,0.8108767004425237
2023-10-04,476,82.1865659351948,0.8296362391713169
2023-10-05,463,80.92587768414957,0.8873387803460943
2023-10-06,616,82.12722432092086,1.0
2023-10-07,531,81.11144927900428,0.9299622030482989
2023-10-08,507,86.39432906656697,0.8035136339486073
2023-10-09,591,75.23841809630602,1.0
2023-10-10,508,76.61502430770734,0.9975470834768126
2023-10-11,628,76.13670277364588,0.9769954853782664
2023-10-12,570,84.15095905931305,0.9934611208115726
2023-10-13,511,84.50199294197532,1.0
2023-10-14,642,82.25612659659254,1.0
2023-10-15,503,85.91746833444964,0.849612706905154
2023-10-16,569,74.10979566311809,1.0
2023-10-17,546,88.33612055775569,0.954361381556968
2023-10-18,595,87.61619310856129,0.9648844558194839
2023-10-19,607,83.67810998622873,0.7447121115826717
2023-10-20,529,88.9089945438553,0.8958993619241195
2023-10-21,489,71.71688396161113,0.8306891468090198
2023-10-22,549,77.37775931868674,0.99384616493571
2023-10-23,491,76.32348269659023,1.0
2023-10-24,624,83.60739661878672,0.7018363098976133
2023-10-25,529,74.74929630198928,0.9062580446599545
2023-10-26,503,83.78747574668743,1.0
2023-10-27,529,86.85268071998357,0.8882569641619672
2023-10-28,452,83.47601450041999,0.979118582813119
2023-10-29,469,81.4187551183075,0.9406536368573498
2023-10-30,577,75.06063329549626,0.9390657689761364
2023-10-31,483,75.76574516937318,0.8771689424939775
2023-11-01,462,86.24809452648333,0.7820813329550724
2023-11-02,540,83.89674501952666,0.7910638746451718
2023-11-03,572,79.80490240311228,0.9736683288060581
2023-11-04,547,77.91045227117054,0.9042339963574474
2023-11-05,560,69.87096063444312,0.88803112321874
2023-11-06,471,74.6457379065778,0.8591267660738409
2023-11-07,437,89.55709543569861,0.8706697007633867
2023-11-08,582,73.59772214498767,1.0
2023-11-09,490,80.94739910610541,0.8671284919415161
2023-11-10,492,85.037219865976,0.7663381428765639
2023-11-11,570,73.72538665998854,0.9746413266660698
2023-11-12,530,80.92355237390542,0.8796599058416343
2023-11-13,524,84.68957768755328,0.9031985215371979
2023-11-14,609,80.06249660953625,1.0
2023-11-15,467,94.34201527833385,0.8979455495051395
2023-11-16,544,71.65700370560903,0.9289513029836516
2023-11-17,500,85.2936426494194,0.78221190246639
2023-11-18,509,79.13599131301768,0.8782485792530063
2023-11-19,571,83.85960077418338,0.9613193143606049
2023-11-20,519,82.20653575849623,0.7450203737949009
2023-11-21,519,76.33421901445001,0.9208730694051258
2023-11-22,545,81.1449819622967,0.9111381635257263
2023-11-23,472,70.71049274300856,0.9054978730459811
2023-11-24,447,83.01623750285697,1.0
2023-11-25,436,81.49079232995263,0.9355513347216611
2023-11-26,389,83.19330084321551,1.0
2023-11-27,589,85.29059162543575,0.803643494571175
2023-11-28,430,81.83809920104855,0.9171006742833223
2023-11-29,473,80.74044709899138,0.9124992630578264
2023-11-30,469,75.59465831669354,0.7977098795876185
2023-12-01,497,76.43889618175474,1.0
2023-12-02,521,85.93367310088665,1.0
2023-12-03,522,87.18167702852989,0.9049108141815378
2023-12-04,449,78.80944781843974,0.9578473027783556
2023-12-05,469,80.23001373626637,0.9165678745406083
2023-12-06,490,75.47692812503116,0.8375651453405677
2023-12-07,463,85.86378422633723,0.7276915992640253
2023-12-08,554,83.3270841184589,0.8400703851937319
2023-12-09,497,89.70608718231874,0.7723677415823881
2023-12-10,509,75.60838461410131,1.0
2023-12-11,504,78.10996050490891,0.9019900423256573
2023-12-12,528,81.15722961262786,0.8799298897324073
2023-12-13,478,83.23244768862885,1.0
2023-12-14,403,78.92166181226183,0.8044904825972223
2023-12-15,486,75.6351945477315,0.8411012909293845
2023-12-16,433,84.40703764461786,0.9257499073276888
2023-12-17,438,83.6056768127279,1.0
2023-12-18,493,75.41862949718137,0.9715179468597709
2023-12-19,524,86.77721400552748,0.9474327701888718
2023-12-20,462,85.85099354598302,0.9316938019209193
2023-12-21,476,80.67148248623896,0.9652178325837775
2023-12-22,544,80.39798931188018,0.9467016774815985
2023-12-23,470,82.77028885557954,0.8249106838942634
2023-12-24,587,75.69148464871871,0.9339161938127921
2023-12-25,484,80.15015739582041,0.823368041784018
2023-12-26,367,69.2380822769541,0.9403015023056265
2023-12-27,492,84.38227822751467,0.8856119160031863
2023-12-28,472,72.1925338877907,1.0
2023-12-29,517,87.517099142145,0.9327331773685991
2023-12-30,485,78.34939953016774,0.7978598842512795
2023-12-31,443,78.94166509034412,0.9264517305841922
2024-01-01,388,76.86133046957747,0.9934155882877327
2024-01-02,438,78.55980563038962,1.0
2024-01-03,405,87.09265672574018,0.8858239665509576
2024-01-04,417,67.5609567173246,0.7882046241380223
2024-01-05,475,86.38482693044094,1.0
2024-01-06,528,81.69011740550854,0.8118075620621481
2024-01-07,463,73.96489176071393,0.9079923166586896
2024-01-08,383,74.6234380347538,0.9276055966261201
2024-01-09,464,88.38196513604102,0.9481827365351625
2024-01-10,501,75.27246560028634,1.0
2024-01-11,410,74.2332474470202,0.8903926313929604
2024-01-12,432,85.68657271182364,0.9332132315304242
2024-01-13,439,81.69276438142957,0.9610049835894531
2024-01-14,398,75.31037211731801,0.9792527034651087
2024-01-15,469,81.0831248770231,0.9759507963736868
2024-01-16,430,74.87123658179861,1.0
2024-01-17,456,85.50410699211302,1.0
2024-01-18,390,85.30685482436567,1.0
2024-01-19,411,82.66003099410972,1.0
2024-01-20,468,81.80830530623508,0.8175094189810602
2024-01-21,413,88.80594062433687,0.9826994411859287
2024-01-22,517,79.99843163694112,1.0
2024-01-23,410,74.09062937289599,1.0
2024-01-24,440,82.24736956416153,0.914326845551922
2024-01-25,475,90.43023524768557,0.9196339453949631
2024-01-26,357,74.92620253407074,0.9301095399220147
2024-01-27,339,78.19268616653007,1.0
2024-01-28,350,82.08223019050726,1.0
2024-01-29,488,79.73047575497131,0.9527455720291476
2024-01-30,397,75.08848209811343,1.0
2024-01-31,552,85.60928928115236,1.0
2024-02-01,395,91.6002036100863,0.9870584036238199
2024-02-02,432,80.98065729511954,0.9803485013106786
2024-02-03,499,75.47965855132,1.0
2024-02-04,521,72.25519737473263,1.0
2024-02-05,523,81.28987990610591,1.0
2024-02-06,480,85.5193867165813,0.9242502902857251
2024-02-07,470,82.37583873247691,1.0
2024-02-08,448,79.98798079540573,0.9605260275681717
2024-02-09,457,77.05364174105347,0.9284964462898939
2024-02-10,389,74.53918183640955,1.0
2024-02-11,375,84.17375663162441,1.0
2024-02-12,416,84.56885810692793,1.0
2024-02-13,407,72.27135106654633,1.0
2024-02-14,392,87.94919489090341,0.9121940678441944
2024-02-15,449,82.87035610447,1.0
2024-02-16,461,86.99797322572897,0.8215975225764233
2024-02-17,417,73.28936125757443,1.0
2024-02-18,486,73.1708792229228,1.0
2024-02-19,355,79.25515345116352,1.0
2024-02-20,402,82.51392213447598,1.0
2024-02-21,375,88.98180411463481,0.9881118384084018
2024-02-22,317,83.53039456907565,1.0
2024-02-23,406,78.78659361593984,0.9655171484449152
2024-02-24,403,74.86815396167054,0.9311282793510307
2024-02-25,484,86.15000286359574,1.0
2024-02-26,440,75.17647287124643,0.9201331518711328
2024-02-27,357,88.14234277386161,1.0
2024-02-28,500,78.57807675196746,0.9514555060401159
2024-02-29,468,87.95291036308925,1.0
2024-03-01,436,83.3946564502964,1.0
2024-03-02,395,79.31502255278771,0.9258812934470957
2024-03-03,358,77.40301814086936,0.8723833683159229
2024-03-04,387,78.2954606132696,1.0
2024-03-05,459,82.1415834618762,1.0
2024-03-06,499,80.38578248108858,1.0
2024-03-07,481,77.03094295965647,1.0
2024-03-08,380,79.17184294841184,1.0
2024-03-09,348,80.39288514859575,1.0
2024-03-10,410,69.35632952792594,1.0
2024-03-11,315,82.2908405739435,0.8744574274974913
2024-03-12,419,75.10139387641597,1.0
2024-03-13,395,74.23333798397127,1.0
2024-03-14,379,71.56327826444645,0.9823233007388854
2024-03-15,322,71.03053751066055,1.0
2024-03-16,427,73.22276248443855,1.0
2024-03-17,375,76.45489521184754,1.0
2024-03-18,343,89.76629568763283,1.0
2024-03-19,257,77.37060162052398,1.0
2024-03-20,400,80.88875053134015,0.8969665475803154
2024-03-21,489,82.00240693253164,1.0
2024-03-22,484,80.65532593107925,1.0
2024-03-23,378,79.61278269637003,1.0
2024-03-24,370,74.02353118200378,1.0
2024-03-25,424,87.25463774139607,1.0
2024-03-26,350,89.03598321818943,1.0
2024-03-27,415,71.58670652938657,1.0
2024-03-28,438,74.8798570455681,1.0
2024-03-29,461,78.60094828811496,1.0
2024-03-30,395,75.17731102544904,1.0
2024-03-31,389,82.52982776727933,1.0
2024-04-01,356,76.35863898796694,1.0
2024-04-02,358,90.82528033903301,1.0
2024-04-03,388,85.95274297171798,0.991823718189538
2024-04-04,418,81.06287015316107,1.0
2024-04-05,445,85.13493131659867,1.0
2024-04-06,359,85.52950212178655,0.9883660445208617
2024-04-07,474,77.18026255970878,1.0
2024-04-08,386,75.91891377729017,1.0
2024-04-09,399,80.39071531484824,1.0
2024-04-10,362,84.30818062248972,1.0
2024-04-11,279,80.6953019932671,1.0
2024-04-12,444,72.11501758904501,1.0
2024-04-13,437,75.98587778024579,1.0
2024-04-14,386,79.63013568202811,0.9794336643010416
2024-04-15,404,79.62167197837086,1.0
2024-04-16,426,89.86271088394903,1.0
2024-04-17,322,73.07006028800501,1.0
2024-04-18,374,82.52794620917938,1.0
2024-04-19,441,87.44556554164144,1.0
2024-04-20,338,91.35724872711398,0.9926663671233682
2024-04-21,416,77.97801288408019,1.0
2024-04-22,334,82.457147263601,1.0
2024-04-23,425,82.84880178599323,1.0
2024-04-24,400,80.97740865776646,1.0
2024-04-25,321,79.50577399380347,1.0
2024-04-26,461,82.17987694750023,1.0
2024-04-27,366,67.33876957390157,0.993360855857975
2024-04-28,362,83.41034745031315,1.0
2024-04-29,413,80.63088951830984,1.0
2024-04-30,461,78.88762551610867,1.0
2024-05-01,353,90.23431097859779,0.9577194926253523
2024-05-02,407,76.62532990604724,1.0
2024-05-03,426,77.98462005467485,1.0
2024-05-04,440,89.95776651102366,1.0
2024-05-05,414,75.83969347575072,1.0
2024-05-06,387,77.2494235853173,1.0
2024-05-07,365,79.26487288284575,1.0
2024-05-08,411,84.20367241064774,1.0
2024-05-09,353,81.03901253676656,1.0
2024-05-10,261,73.5368732642387,1.0
2024-05-11,430,77.33915718436405,1.0
2024-05-12,453,76.96322783393894,0.9344222117562366
2024-05-13,291,79.61389477388477,1.0
2024-05-14,359,82.12921829314915,1.0
2024-05-15,441,82.09102877943987,0.9909839730804301
2024-05-16,513,71.11994122975798,1.0
2024-05-17,412,85.31970493780427,1.0
2024-05-18,375,81.26284422998312,0.9362099887817369
2024-05-19,403,86.92266023796952,1.0
2024-05-20,481,82.22099163645336,0.9689198366185504
2024-05-21,380,85.50661478867882,1.0
2024-05-22,373,82.33272655725064,1.0
2024-05-23,390,86.73112878101374,0.916048325384578
2024-05-24,367,82.6112531800889,1.0
2024-05-25,421,79.51042376778548,1.0
2024-05-26,497,91.3621736022344,0.9970094097869423
2024-05-27,432,84.44518561139947,1.0
2024-05-28,404,82.86872210502207,1.0
2024-05-29,403,73.61847791730833,1.0
2024-05-30,340,73.5584619126823,0.9875173786226122
2024-05-31,463,81.46357741070926,1.0
2024-06-01,416,80.7276059888412,1.0
2024-06-02,411,76.92938717495842,0.9313482615081949
2024-06-03,581,80.70491349806031,1.0
2024-06-04,436,87.94313464021798,1.0
2024-06-05,385,83.47701237275149,1.0
2024-06-06,402,74.29495745123631,0.9386768316903918
2024-06-07,481,79.44245586428528,1.0
2024-06-08,430,75.97516759573719,1.0
2024-06-09,353,78.06150041795719,1.0
2024-06-10,472,77.93192167185178,0.9049401036052758
2024-06-11,393,77.61177208697997,0.9239933318709903
2024-06-12,521,73.72432314013302,0.9709439703831303
2024-06-13,482,79.36172659240906,1.0
2024-06-14,407,77.19696181576344,0.9808880800458247
2024-06-15,494,65.35275654998865,1.0
2024-06-16,434,90.26486012250831,1.0
2024-06-17,474,85.44384827108335,1.0
2024-06-18,456,78.11849637537502,1.0
2024-06-19,391,80.094095248703,1.0
2024-06-20,402,74.14172826341219,0.9122920807966952
2024-06-21,486,88.47861438905433,1.0
2024-06-22,419,89.48644347386556,0.9696779840446155
2024-06-23,416,80.78346864123262,1.0
2024-06-24,390,85.11765322092673,1.0
2024-06-25,459,80.87643389466962,1.0
2024-06-26,542,73.31637280562035,0.8728626653418223
2024-06-27,387,77.94088315518171,0.9287041478085115
2024-06-28,442,80.65963983385979,1.0
2024-06-29,512,77.72726140628278,0.9996828864119461
2024-06-30,439,78.90673361282482,1.0
2024-07-01,466,79.54300221245443,1.0
2024-07-02,391,79.59560751067269,1.0
2024-07-03,467,80.26129245248741,1.0
2024-07-04,437,74.69697466801699,0.9858004994790057
2024-07-05,497,76.41491925436031,0.973403741927935
2024-07-06,508,73.57707867150015,1.0
2024-07-07,579,84.889077748431,1.0
2024-07-08,479,69.47176529079837,0.9729423252159151
2024-07-09,467,85.76795171658463,1.0
2024-07-10,462,86.93174698631421,0.9817713948097817
2024-07-11,435,78.4890970650869,0.9075126248160618
2024-07-12,471,66.98431456086351,0.9147887366513944
2024-07-13,440,78.19344719016355,0.8908224127561751
2024-07-14,464,79.6790791935559,0.9594707058229404
2024-07-15,523,74.94700890035543,1.0
2024-07-16,408,77.42390803095878,0.9022493487551805
2024-07-17,516,87.65097599431675,0.9996399723223528
2024-07-18,526,83.3246358115087,0.9131646738055261
2024-07-19,455,75.3771794281095,0.9508523826632873
2024-07-20,356,72.01200415202284,0.8239380903911337
2024-07-21,433,78.36491341195115,0.9509573362544987
2024-07-22,529,78.93271610324781,0.9517203639466345
2024-07-23,464,82.48099593681658,1.0
2024-07-24,416,77.32341643716171,0.9896139319801106
2024-07-25,442,82.55749787680931,0.8455633461036086
2024-07-26,510,89.67577020030114,1.0
2024-07-27,497,84.07750511222132,0.9827085618077853
2024-07-28,459,79.75955746334614,0.979678080416536
2024-07-29,453,79.08424764473352,0.9570970282465185
2024-07-30,453,78.21663432910064,0.904432847083833
2024-07-31,428,85.90320456226073,0.9761996699813494
2024-08-01,556,76.86343277024349,1.0
2024-08-02,460,80.22611354499992,0.7762069584724205
2024-08-03,538,80.25598950940542,0.8952881003888312
2024-08-04,554,77.49107903594233,0.9219574772480962
2024-08-05,529,73.13767226057949,0.9713782434525529
2024-08-06,459,81.61487251808835,1.0
2024-08-07,501,79.69498014072309,0.8652708707201875
2024-08-08,481,82.50120234718285,0.8910248546482176
2024-08-09,438,77.33199846780417,0.8879673862107083
2024-08-10,501,86.10410649406523,0.8574921070809822
2024-08-11,427,75.61613109394078,0.9013752266184554
2024-08-12,546,88.56020142008947,1.0
2024-08-13,465,71.26181745085869,0.8276856416131788
2024-08-14,499,82.17385032278446,0.9743781454802529
2024-08-15,504,82.37715341263312,0.759961358184061
2024-08-16,478,76.02221466029559,0.8726005951988313
2024-08-17,522,82.12196968930506,0.8943967837702784
2024-08-18,470,86.3975933488008,1.0
2024-08-19,538,68.91590580322968,0.8971758472821685
2024-08-20,428,82.51372403745407,0.703231851247234
2024-08-21,503,67.53364589834962,0.7221980852397482
2024-08-22,595,75.17167598238396,0.9242518760648925
2024-08-23,449,88.14583182450473,0.9810196038912601
2024-08-24,466,77.09108983303973,0.9560138468782959
2024-08-25,527,74.13060017795513,0.9340836261074493
2024-08-26,511,79.0103113550766,1.0
2024-08-27,521,90.33953169081776,0.8611838504478263
2024-08-28,529,70.84158876396987,1.0
2024-08-29,537,74.74345044180328,0.7498935941551855
2024-08-30,562,87.48715841589814,0.8216282942980312
2024-08-31,528,89.28851171768866,0.7304820826299538
2024-09-01,497,79.48284387854858,0.8828003609144363
2024-09-02,544,73.80473648736678,0.9047933229604835
2024-09-03,606,90.4792175090458,0.9200003786298724
2024-09-04,506,87.97221195874599,0.9139859121054932
2024-09-05,465,83.39473493881117,0.8142864708850899
2024-09-06,570,75.9379882553129,0.8872991287134115
2024-09-07,510,79.75485329580981,0.7558974249483598
2024-09-08,408,79.19819959477584,1.0
2024-09-09,560,81.65425652307789,0.8740307248862987
2024-09-10,492,87.25500719065668,0.8549375814718956
2024-09-11,515,84.39708520568702,1.0
2024-09-12,538,74.61311961507622,0.7785828786038961
2024-09-13,532,86.8824822500977,0.7897977053889954
2024-09-14,559,81.56566070006578,0.7923223252700954
2024-09-15,503,83.43532897929458,0.8947843815012693
2024-09-16,551,87.33270429639302,0.944401214629012
2024-09-17,513,74.44209875243224,0.9749116339335959
2024-09-18,564,79.82087210646769,1.0
2024-09-19,559,77.34272724320392,0.6755318774821353
2024-09-20,483,72.16070287317272,0.9611738697179273
2024-09-21,585,81.7335498880246,0.8444523199979027
2024-09-22,505,92.55778275792211,0.841428861333876
2024-09-23,573,70.79961127747123,0.8380381328821269
2024-09-24,552,79.83859694475265,0.8091233406400846
2024-09-25,627,83.20271467537387,1.0
2024-09-26,525,80.61539100828091,0.9843199500959177
2024-09-27,519,79.4343597374213,0.902514726947872
2024-09-28,537,73.50391818277087,1.0
2024-09-29,524,81.16393371470082,0.7492717598794144
2024-09-30,580,76.21618011492036,0.7676786270892363
2024-10-01,460,69.05039147510723,0.6832165498364708
2024-10-02,489,85.97296110256866,0.8313756452281945
2024-10-03,490,84.79192909921021,0.9178301999401316
2024-10-04,592,80.2583048842554,0.9123287876419368
2024-10-05,631,81.14537344102851,0.9173988850557223
2024-10-06,541,85.37159006357781,0.7618197877661236
2024-10-07,539,81.12169828389041,0.9837405505744726
2024-10-08,551,84.52008777380657,0.9279260622591354
2024-10-09,607,78.51258899563075,0.9778453860993541
2024-10-10,504,86.55991869286973,0.7158785704553032
2024-10-11,563,81.60392862966341,0.9369566411757695
2024-10-12,601,80.97025971802937,0.7877214741079195
2024-10-13,578,73.64969455643984,0.8674935152023008
2024-10-14,563,81.43477927150855,0.961427281105685
2024-10-15,605,75.84022541252774,0.9179019051089774
2024-10-16,420,76.80858636735753,0.8244767815129175
2024-10-17,590,75.92312185841939,0.9111324766000513
2024-10-18,525,74.66882534050387,0.7582618076903636
2024-10-19,467,90.62385701508481,1.0
2024-10-20,585,86.65669530994202,0.8928132135491845
2024-10-21,629,89.60183751072131,1.0
2024-10-22,554,73.88552490222219,0.862753358002353
2024-10-23,609,80.35626874955446,0.8641323477797312
2024-10-24,643,73.53246187397951,0.8411880907729361
2024-10-25,629,76.52152561401468,1.0
2024-10-26,646,75.40936508291712,0.848995708021253
2024-10-27,602,86.1979200322078,0.9856126657060329
2024-10-28,570,78.01885160949121,0.8841537191077378
2024-10-29,487,85.34189666847008,0.7260795046774394
2024-10-30,555,83.02060444794259,0.8679518323283812
2024-10-31,526,91.51819376052394,0.8084098278153159
2024-11-01,678,72.60277888430139,0.9310778025223291
2024-11-02,561,86.29616619893399,0.8100425615129258
2024-11-03,577,85.73220435200363,1.0
2024-11-04,599,75.13310580986483,0.9228518864096354
2024-11-05,575,85.0356666823658,0.9156790549907501
2024-11-06,658,81.68072481513114,1.0
2024-11-07,543,78.86261870023296,1.0
2024-11-08,584,75.88032256514,0.9360236476422015
2024-11-09,538,76.40445274275407,0.8624955142880408
2024-11-10,510,90.24906047892964,0.7638247570327483
2024-11-11,546,80.00341409478742,0.8742464278702772
2024-11-12,576,83.9106500076573,0.8827827225154316
2024-11-13,557,76.04550309166224,0.956884433767081
2024-11-14,544,76.10073526889181,0.9133602694486765
2024-11-15,509,85.40992404624971,1.0
2024-11-16,576,73.25211894224233,0.8900310297661459
2024-11-17,506,77.92393116047364,0.9473819887303541
2024-11-18,620,80.17013705536117,1.0
2024-11-19,586,80.55686300920026,0.9908377084712727
2024-11-20,510,79.10453357491922,0.9524623384595379
2024-11-21,568,81.97909890547962,0.9000991669966648
2024-11-22,546,83.46427877908906,0.898813872106586
2024-11-23,601,83.67318772729665,0.8789342317612452
2024-11-24,652,75.07098095666086,0.9117678170536316
2024-11-25,492,78.57922451035601,1.0
2024-11-26,592,85.9738143093847,0.9474657714697239
2024-11-27,579,84.47323593786936,0.8365889256648696
2024-11-28,621,73.13570274259467,1.0
2024-11-29,599,81.75739950176101,1.0
2024-11-30,551,70.10887375312595,0.8366719523805917
2024-12-01,573,80.23467451030184,0.9351338945035798
2024-12-02,550,89.48883508372988,0.99236819251562
2024-12-03,644,75.26053641365507,1.0
2024-12-04,591,75.8283847725421,0.8744115189275063
2024-12-05,686,83.8201489078643,1.0
2024-12-06,588,72.28599242395177,1.0
2024-12-07,556,76.83622485057481,0.9283144938610568
2024-12-08,516,82.98220568790876,0.9654223990655632
2024-12-09,502,76.82857076155298,0.8915394032018856
2024-12-10,514,78.82015006394514,0.9768227126233385
2024-12-11,607,83.72092855157517,0.9955094605207404
2024-12-12,619,82.1077304176828,1.0
2024-12-13,515,81.33409198147702,1.0
2024-12-14,639,78.30438860364981,0.9303565411497207
2024-12-15,571,81.85030557634478,0.8104298041503176
2024-12-16,602,79.38133659950121,1.0
2024-12-17,676,82.28902804962893,1.0
2024-12-18,641,77.5153398744101,1.0
2024-12-19,583,79.0871551281023,0.9824430240943673
2024-12-20,552,75.05021103723993,1.0
2024-12-21,489,79.82496194996882,1.0
2024-12-22,561,75.94499568185577,1.0
2024-12-23,587,74.42976774919003,0.9856248899503639
2024-12-24,548,81.29330573927695,0.9748837907582137
2024-12-25,591,81.0636988792883,1.0
2024-12-26,602,83.91436867474286,1.0
2024-12-27,587,77.8443721521245,1.0
2024-12-28,566,82.04026423418378,1.0
2024-12-29,607,82.75398786136832,0.986216610732652
2024-12-30,621,82.22386903915798,1.0
2024-12-31,544,75.8717315859893,1.0
